"Data","Último","Abertura","Máxima","Mínima","Vol.","Var%"
"23.09.2024","17,79","17,98","18,04","17,58","15,22M","-1,39%"
"20.09.2024","18,04","18,86","18,92","17,81","35,10M","-4,35%"
"19.09.2024","18,86","19,15","19,17","18,66","","-0,74%"
"18.09.2024","19,00","18,89","19,36","18,80","","-0,37%"
"17.09.2024","19,07","19,16","19,24","18,83","","-1,50%"
"16.09.2024","19,36","18,94","19,51","18,80","","2,22%"
"13.09.2024","18,94","18,42","19,12","18,38","18,88M","3,05%"
"12.09.2024","18,38","18,06","18,44","17,96","18,63M","1,27%"
"11.09.2024","18,15","17,79","18,22","17,68","17,45M","2,66%"
"10.09.2024","17,68","17,56","17,86","17,48","12,18M","0,63%"
"09.09.2024","17,57","17,74","17,91","17,56","8,55M","-0,85%"
"06.09.2024","17,72","18,05","18,14","17,62","8,48M","-1,72%"
"05.09.2024","18,03","17,48","18,06","17,45","17,28M","3,15%"
"04.09.2024","17,48","17,48","17,83","17,34","15,38M","1,45%"
"03.09.2024","17,23","17,43","17,64","17,21","21,76M","1,71%"
"02.09.2024","16,94","16,93","17,09","16,77","13,54M","-0,41%"
"30.08.2024","17,01","16,80","17,35","16,68","177,77M","-0,23%"
"29.08.2024","17,05","17,49","17,61","17,00","26,73M","-3,45%"
"28.08.2024","17,66","18,29","18,49","17,63","28,24M","-3,76%"
"27.08.2024","18,35","17,76","18,45","17,70","24,32M","3,67%"
"26.08.2024","17,70","17,80","17,83","17,20","20,26M","-0,28%"
"23.08.2024","17,75","16,56","17,75","16,54","29,33M","7,32%"
"22.08.2024","16,54","16,80","16,97","16,34","23,39M","-2,13%"
"21.08.2024","16,90","16,90","16,92","16,31","22,41M","-0,35%"
"20.08.2024","16,96","16,92","17,03","16,27","21,06M","-0,24%"
"19.08.2024","17,00","16,28","17,00","16,14","20,53M","5,39%"
"16.08.2024","16,13","16,86","16,86","15,97","24,59M","-3,64%"
"15.08.2024","16,74","16,22","16,74","16,14","24,41M","3,40%"
"14.08.2024","16,19","15,69","16,19","15,67","17,28M","3,12%"
"13.08.2024","15,70","15,63","15,81","15,43","28,89M","-0,13%"
"12.08.2024","15,72","15,60","15,91","15,30","23,23M","1,75%"
"09.08.2024","15,45","15,30","15,66","14,95","36,28M","6,55%"
"08.08.2024","14,50","14,61","14,91","14,31","21,41M","-0,68%"
"07.08.2024","14,60","14,41","14,68","14,28","19,77M","2,46%"
"06.08.2024","14,25","13,94","14,45","13,93","19,31M","2,00%"
"05.08.2024","13,97","13,14","14,10","12,97","18,73M","1,53%"
"02.08.2024","13,76","13,28","13,87","13,28","17,27M","3,54%"
"01.08.2024","13,29","13,36","13,66","13,19","17,11M","0,23%"
"31.07.2024","13,26","13,15","13,46","13,05","12,81M","1,77%"
"30.07.2024","13,03","13,42","13,67","13,00","26,24M","-3,55%"
"29.07.2024","13,51","13,31","13,65","13,31","18,92M","1,35%"
"26.07.2024","13,33","13,20","13,44","12,95","12,72M","1,14%"
"25.07.2024","13,18","12,76","13,28","12,73","25,94M","2,41%"
"24.07.2024","12,87","13,12","13,17","12,69","13,63M","-2,35%"
"23.07.2024","13,18","13,43","13,46","13,13","9,21M","-2,73%"
"22.07.2024","13,55","13,14","13,65","13,12","12,99M","3,83%"
"19.07.2024","13,05","13,25","13,46","13,05","9,49M","-0,84%"
"18.07.2024","13,16","13,65","13,65","12,97","12,11M","-3,59%"
"17.07.2024","13,65","13,67","13,87","13,60","8,65M","-0,51%"
"16.07.2024","13,72","13,74","14,08","13,65","11,49M","-0,15%"
"15.07.2024","13,74","13,57","13,85","13,42","9,54M","1,40%"
"12.07.2024","13,55","13,70","13,78","13,48","10,91M","-1,17%"
"11.07.2024","13,71","13,64","13,85","13,52","12,44M","3,08%"
"10.07.2024","13,30","13,46","13,86","13,26","16,09M","0,45%"
"09.07.2024","13,24","13,05","13,32","13,02","10,97M","1,07%"
"08.07.2024","13,10","13,30","13,33","13,02","19,24M","-1,87%"
"05.07.2024","13,35","13,17","13,46","12,98","15,72M","0,91%"
"04.07.2024","13,23","12,64","13,38","12,60","19,60M","6,44%"
"03.07.2024","12,43","12,28","12,71","12,25","21,15M","2,22%"
"02.07.2024","12,16","12,55","12,55","12,10","13,26M","-2,41%"
"01.07.2024","12,46","12,44","12,60","12,27","8,46M","-0,16%"
"28.06.2024","12,48","12,52","12,69","12,39","14,92M","-0,87%"
"27.06.2024","12,59","12,13","12,67","12,00","27,69M","3,88%"
"26.06.2024","12,12","12,45","12,45","11,98","21,62M","-3,07%"
"25.06.2024","12,50","12,49","12,65","12,44","9,80M","-0,71%"
"24.06.2024","12,59","12,38","12,68","12,31","10,11M","1,76%"
"21.06.2024","12,38","12,33","12,49","12,18","21,11M","0,16%"
"20.06.2024","12,36","12,67","12,93","12,29","18,21M","-0,95%"
"19.06.2024","12,47","12,15","12,54","12,07","10,88M","2,18%"
"18.06.2024","12,21","12,27","12,49","12,20","8,85M","-0,48%"
"17.06.2024","12,27","12,57","12,68","12,27","8,17M","-2,89%"
"14.06.2024","12,63","12,43","12,81","12,42","14,14M","1,59%"
"13.06.2024","12,43","12,65","12,69","12,35","11,37M","-1,41%"
"12.06.2024","12,61","13,00","13,11","12,54","15,28M","-1,54%"
"11.06.2024","12,81","12,69","12,97","12,69","8,51M","1,65%"
"10.06.2024","12,60","13,05","13,15","12,60","10,49M","-3,11%"
"07.06.2024","13,01","12,95","13,24","12,90","11,86M","-1,57%"
"06.06.2024","13,22","13,22","13,33","12,98","16,91M","3,80%"
"05.06.2024","12,73","12,76","12,94","12,58","11,66M","0,08%"
"04.06.2024","12,72","12,79","12,94","12,49","21,03M","-1,08%"
"03.06.2024","12,86","13,00","13,02","12,63","17,59M","-0,76%"
"31.05.2024","12,96","13,18","13,23","12,88","13,74M","-1,80%"
"29.05.2024","13,20","12,90","13,38","12,83","24,22M","1,21%"
"28.05.2024","13,04","13,34","13,41","12,66","36,88M","-1,05%"
"27.05.2024","13,18","13,24","13,32","12,98","7,43M","-1,38%"
"25.05.2024","13,36","13,36","13,36","13,36","","1,47%"
"24.05.2024","13,17","13,32","13,34","13,10","10,45M","-0,52%"
"23.05.2024","13,23","13,04","13,25","12,89","36,12M","2,21%"
"22.05.2024","12,95","13,81","13,87","12,95","57,27M","-7,09%"
"21.05.2024","13,94","14,40","14,57","13,81","38,48M","-3,95%"
"20.05.2024","14,51","14,45","14,76","14,27","16,12M","-0,27%"
"17.05.2024","14,55","14,68","14,83","14,50","19,22M","-1,73%"
"16.05.2024","14,81","14,86","14,89","14,36","22,98M","0,60%"
"15.05.2024","14,72","15,08","15,42","14,57","20,02M","-1,97%"
"14.05.2024","15,01","15,01","15,46","14,96","10,15M","0,46%"
"13.05.2024","14,94","14,93","15,24","14,93","8,23M","0,20%"
"10.05.2024","14,91","15,62","15,73","14,89","15,73M","-4,19%"
"09.05.2024","15,57","16,41","16,59","15,27","34,08M","-6,47%"
"08.05.2024","16,64","15,62","16,64","15,46","26,49M","5,78%"
"07.05.2024","15,73","15,87","16,41","15,64","22,24M","-0,13%"
"06.05.2024","15,75","16,06","16,26","15,63","17,75M","-2,74%"
"03.05.2024","16,20","15,80","16,38","15,80","17,49M","4,93%"
"02.05.2024","15,44","15,35","15,61","15,26","13,57M","1,96%"
"30.04.2024","15,14","15,44","15,52","15,05","14,85M","-2,29%"
"29.04.2024","15,50","15,53","15,63","15,40","5,98M","-0,13%"
"26.04.2024","15,52","15,49","15,72","15,39","8,31M","1,29%"
"25.04.2024","15,32","15,40","15,41","15,03","7,60M","-0,51%"
"24.04.2024","15,40","15,37","15,70","15,36","8,47M","0,19%"
"23.04.2024","15,37","15,26","15,50","15,05","21,32M","-0,19%"
"22.04.2024","15,40","15,51","15,80","15,33","8,98M","-0,38%"
"19.04.2024","15,46","15,22","15,84","15,14","16,40M","1,56%"
"18.04.2024","15,22","15,51","15,65","15,09","15,38M","-1,60%"
"17.04.2024","15,47","15,97","16,26","15,29","14,76M","-2,61%"
"16.04.2024","15,88","15,52","16,21","15,23","14,79M","1,39%"
"15.04.2024","15,66","15,88","16,18","15,60","16,81M","-1,25%"
"12.04.2024","15,86","16,34","16,43","15,81","15,32M","-3,77%"
"11.04.2024","16,48","16,26","16,54","16,12","8,67M","1,95%"
"10.04.2024","16,17","16,98","17,06","16,17","11,63M","-5,32%"
"09.04.2024","17,08","16,93","17,35","16,93","5,32M","0,82%"
"08.04.2024","16,94","16,82","17,11","16,63","8,47M","1,24%"
"05.04.2024","16,73","17,09","17,22","16,62","7,47M","-2,64%"
"04.04.2024","17,19","16,96","17,57","16,95","17,55M","2,17%"
"03.04.2024","16,82","17,25","17,27","16,64","17,60M","-2,57%"
"02.04.2024","17,26","16,63","17,40","16,63","18,97M","3,80%"
"01.04.2024","16,63","16,70","16,83","16,49","14,65M","-0,82%"
"28.03.2024","16,77","16,08","16,85","16,06","14,70M","3,92%"
"27.03.2024","16,14","15,31","16,14","15,31","12,49M","5,42%"
"26.03.2024","15,31","15,49","15,64","15,20","17,20M","-1,21%"
"25.03.2024","15,50","15,51","15,67","15,41","7,44M","-0,85%"
"23.03.2024","15,63","15,63","15,63","15,63","","1,18%"
"22.03.2024","15,45","15,56","15,68","15,21","17,68M","-1,51%"
"21.03.2024","15,68","16,00","16,00","15,59","9,87M","-1,91%"
"20.03.2024","15,99","15,31","16,15","15,31","15,86M","4,72%"
"19.03.2024","15,27","15,23","15,45","14,97","16,63M","0,64%"
"18.03.2024","15,17","15,12","15,52","14,93","29,52M","0,71%"
"15.03.2024","15,06","15,70","15,84","14,97","34,77M","-6,72%"
"14.03.2024","16,15","16,59","16,73","16,10","9,74M","-2,37%"
"13.03.2024","16,54","16,18","16,77","16,01","20,45M","2,24%"
"12.03.2024","16,18","15,73","16,31","15,67","12,96M","3,76%"
"11.03.2024","15,59","15,75","15,93","15,48","7,59M","-1,79%"
"08.03.2024","15,88","15,75","16,05","15,26","23,43M","-0,06%"
"07.03.2024","15,89","15,80","16,19","15,69","13,61M","1,18%"
"06.03.2024","15,70","16,11","16,14","15,65","12,82M","-1,77%"
"05.03.2024","15,98","15,81","16,24","15,69","9,44M","1,05%"
"04.03.2024","15,82","16,26","16,26","15,74","9,86M","-2,77%"
"01.03.2024","16,27","15,61","16,37","15,50","21,10M","5,25%"
"29.02.2024","15,46","15,30","15,67","15,20","9,62M","0,64%"
"28.02.2024","15,36","15,67","15,97","15,36","11,18M","-2,79%"
"27.02.2024","15,80","15,06","15,87","15,01","15,13M","5,69%"
"26.02.2024","14,95","14,92","15,09","14,84","7,29M","0,13%"
"23.02.2024","14,93","15,16","15,39","14,65","16,92M","0,86%"
"22.02.2024","14,80","14,51","14,83","14,43","12,85M","2,65%"
"21.02.2024","14,42","14,47","14,47","14,18","8,74M","-0,07%"
"20.02.2024","14,43","14,15","14,51","14,07","9,56M","1,10%"
"19.02.2024","14,27","14,00","14,35","13,91","5,71M","1,32%"
"16.02.2024","14,09","14,31","14,37","14,01","10,53M","-0,48%"
"15.02.2024","14,15","14,46","14,51","14,02","10,65M","-0,89%"
"14.02.2024","14,28","14,29","14,52","14,18","10,32M","-1,55%"
"09.02.2024","14,51","14,70","15,01","14,44","10,40M","-0,87%"
"08.02.2024","14,63","15,06","15,10","14,30","28,19M","-3,55%"
"07.02.2024","15,17","15,23","15,27","14,69","11,92M","-0,64%"
"06.02.2024","15,27","14,69","15,31","14,69","7,25M","3,93%"
"05.02.2024","14,69","15,31","15,46","14,62","14,86M","-4,57%"
"02.02.2024","15,40","15,72","16,02","15,40","8,97M","-2,60%"
"01.02.2024","15,81","15,81","16,08","15,40","13,40M","0,69%"
"31.01.2024","15,70","15,31","15,99","15,31","14,27M","3,02%"
"30.01.2024","15,24","15,36","15,37","15,03","7,74M","-0,83%"
"29.01.2024","15,37","15,44","15,53","15,31","6,59M","-0,44%"
"26.01.2024","15,44","15,88","15,88","15,36","12,27M","-2,29%"
"25.01.2024","15,80","15,46","16,03","15,30","14,44M","2,22%"
"24.01.2024","15,46","15,70","15,72","15,30","29,49M","-0,69%"
"23.01.2024","15,56","15,56","15,91","15,42","25,27M","0,63%"
"22.01.2024","15,46","16,01","16,14","15,30","25,93M","-5,44%"
"19.01.2024","16,36","16,22","16,43","15,73","27,18M","1,39%"
"18.01.2024","16,13","16,47","16,48","15,97","14,17M","-1,73%"
"17.01.2024","16,41","16,27","16,47","16,08","14,60M","0,42%"
"16.01.2024","16,35","16,53","16,72","16,19","11,86M","-1,71%"
"15.01.2024","16,63","16,53","16,89","16,44","7,32M","0,24%"
"12.01.2024","16,59","16,04","16,83","16,04","17,75M","3,10%"
"11.01.2024","16,09","16,03","16,24","15,87","12,61M","-0,24%"
"10.01.2024","16,13","16,43","16,62","16,00","13,11M","-1,90%"
"09.01.2024","16,44","16,68","16,78","16,43","13,91M","-2,72%"
"08.01.2024","16,90","16,18","17,01","16,09","15,61M","3,85%"
"05.01.2024","16,28","15,78","16,49","15,78","12,82M","2,53%"
"04.01.2024","15,88","16,44","16,50","15,75","15,44M","-3,91%"
"03.01.2024","16,52","16,83","16,85","16,51","14,82M","-1,86%"
"02.01.2024","16,83","16,87","17,00","16,67","16,84M","-1,21%"
"28.12.2023","17,04","17,08","17,27","16,92","11,69M","-0,74%"
"27.12.2023","17,17","17,19","17,28","17,10","10,25M","-0,17%"
"26.12.2023","17,20","17,29","17,36","16,95","10,20M","-0,73%"
"22.12.2023","17,32","17,06","17,32","16,74","15,03M","2,25%"
"21.12.2023","16,94","16,78","17,02","16,37","18,36M","2,25%"
"20.12.2023","16,57","16,79","16,83","16,50","12,51M","-1,33%"
"19.12.2023","16,79","16,92","16,96","16,70","11,15M","0,23%"
"18.12.2023","16,75","16,93","17,03","16,65","10,60M","0,00%"
"15.12.2023","16,75","17,27","17,39","16,44","33,34M","-0,86%"
"14.12.2023","16,90","16,38","16,94","16,33","27,26M","4,30%"
"13.12.2023","16,20","15,68","16,29","15,45","24,45M","3,34%"
"12.12.2023","15,68","15,84","16,08","15,60","14,09M","-0,49%"
"11.12.2023","15,76","15,95","15,95","15,55","12,24M","-1,09%"
"08.12.2023","15,93","16,18","16,25","15,73","18,28M","-1,02%"
"07.12.2023","16,09","15,88","16,37","15,80","19,27M","1,47%"
"06.12.2023","15,86","15,83","16,13","15,74","19,54M","0,80%"
"05.12.2023","15,74","15,65","16,09","15,49","16,33M","1,25%"
"04.12.2023","15,54","15,78","15,92","15,43","20,19M","-2,01%"
"01.12.2023","15,86","15,89","16,22","15,67","29,68M","0,06%"
"30.11.2023","15,85","15,74","15,99","15,36","28,04M","1,74%"
"29.11.2023","15,58","15,12","15,74","15,12","48,67M","4,14%"
"28.11.2023","14,96","14,49","15,04","14,26","28,41M","3,90%"
"27.11.2023","14,40","14,24","14,75","14,19","18,28M","2,13%"
"24.11.2023","14,10","14,46","14,74","14,02","25,73M","-3,13%"
"23.11.2023","14,55","14,57","14,68","14,29","8,06M","0,33%"
"22.11.2023","14,51","14,13","14,80","14,05","28,61M","4,03%"
"21.11.2023","13,94","14,04","14,16","13,80","22,61M","-1,71%"
"20.11.2023","14,19","13,99","14,24","13,77","16,01M","2,09%"
"17.11.2023","13,90","14,07","14,34","13,81","18,79M","-0,35%"
"16.11.2023","13,94","13,56","14,12","13,51","31,96M","2,64%"
"14.11.2023","13,59","12,98","13,70","12,83","24,01M","5,09%"
"13.11.2023","12,93","12,54","13,09","12,46","22,50M","3,01%"
"10.11.2023","12,55","13,32","13,32","12,31","44,18M","-4,35%"
"09.11.2023","13,12","13,16","13,62","12,83","30,62M","0,74%"
"08.11.2023","13,02","12,71","13,30","12,55","21,96M","2,05%"
"07.11.2023","12,76","12,16","13,00","12,10","25,63M","4,52%"
"06.11.2023","12,21","12,98","13,03","12,12","14,64M","-4,76%"
"03.11.2023","12,82","12,30","12,84","12,28","19,51M","7,91%"
"01.11.2023","11,88","11,98","12,29","11,79","22,95M","0,08%"
"31.10.2023","11,87","11,59","11,99","11,35","14,07M","2,68%"
"30.10.2023","11,56","11,91","11,93","11,44","15,48M","-2,21%"
"27.10.2023","11,82","12,28","12,32","11,79","14,05M","-3,71%"
"26.10.2023","12,28","12,06","12,30","11,96","12,87M","2,67%"
"25.10.2023","11,96","11,96","12,21","11,77","26,80M","-0,24%"
"24.10.2023","11,99","12,20","12,26","11,81","15,84M","-0,16%"
"23.10.2023","12,01","11,83","12,25","11,78","15,58M","1,47%"
"20.10.2023","11,83","11,84","12,03","11,67","16,75M","-0,97%"
"19.10.2023","11,95","11,86","12,18","11,85","11,36M","0,82%"
"18.10.2023","11,85","12,31","12,32","11,83","35,18M","-4,45%"
"17.10.2023","12,40","12,40","12,64","12,22","19,20M","-1,16%"
"16.10.2023","12,55","12,48","12,79","12,18","16,21M","2,13%"
"13.10.2023","12,29","12,61","12,65","12,15","24,12M","-3,13%"
"11.10.2023","12,69","12,69","12,79","12,52","21,43M","0,77%"
"10.10.2023","12,59","12,46","12,69","12,37","22,31M","2,52%"
"09.10.2023","12,28","12,01","12,43","11,77","20,24M","0,71%"
"06.10.2023","12,19","12,04","12,32","11,71","23,57M","-1,10%"
"05.10.2023","12,33","12,48","12,81","12,23","21,42M","-1,55%"
"04.10.2023","12,52","12,45","12,74","12,19","20,79M","3,19%"
"03.10.2023","12,13","12,42","12,53","12,10","17,67M","-2,49%"
"02.10.2023","12,44","12,81","12,85","12,33","19,01M","-4,10%"
"29.09.2023","12,98","13,16","13,45","12,81","25,59M","-0,15%"
"28.09.2023","13,00","12,49","13,11","12,35","39,28M","4,03%"
"27.09.2023","12,49","12,88","12,95","12,24","56,28M","-0,62%"
"26.09.2023","12,57","12,92","13,16","12,45","46,07M","-4,64%"
"25.09.2023","13,18","13,13","13,31","12,95","22,19M","-0,65%"
"22.09.2023","13,27","13,43","13,51","13,17","22,77M","-0,43%"
"21.09.2023","13,32","13,66","13,70","13,25","32,85M","-4,84%"
"20.09.2023","14,00","13,90","14,26","13,73","36,43M","0,41%"
"19.09.2023","13,95","14,82","14,82","13,75","35,45M","-5,38%"
"18.09.2023","14,74","14,92","14,96","14,58","10,63M","-0,96%"
"15.09.2023","14,88","15,38","15,39","14,71","20,25M","-2,99%"
"14.09.2023","15,34","15,68","15,78","15,14","11,46M","-1,17%"
"13.09.2023","15,52","15,27","15,96","15,16","17,18M","1,50%"
"12.09.2023","15,29","14,97","15,38","14,87","11,43M","1,65%"
"11.09.2023","15,04","15,12","15,22","14,71","13,96M","1,48%"
"08.09.2023","14,82","14,76","14,98","14,57","11,45M","-0,32%"
"06.09.2023","14,87","15,35","15,42","14,79","26,95M","-3,11%"
"05.09.2023","15,35","15,61","15,61","15,22","20,94M","-2,25%"
"04.09.2023","15,70","15,95","16,28","15,57","10,43M","-5,97%"
"02.09.2023","16,70","16,70","16,70","16,70","","4,26%"
"01.09.2023","16,02","15,33","16,31","15,33","28,42M","4,62%"
"31.08.2023","15,31","15,63","15,63","15,14","21,17M","-2,49%"
"30.08.2023","15,70","15,96","16,06","15,69","11,41M","-1,56%"
"29.08.2023","15,95","16,09","16,20","15,70","11,10M","0,00%"
"28.08.2023","15,95","15,93","16,10","15,71","17,21M","0,54%"
"25.08.2023","15,86","15,98","16,08","15,67","14,69M","-1,66%"
"24.08.2023","16,13","16,58","16,76","16,00","21,39M","-2,99%"
"23.08.2023","16,63","16,50","16,66","16,24","18,69M","1,34%"
"22.08.2023","16,41","16,49","16,63","16,32","12,04M","0,41%"
"21.08.2023","16,34","16,69","16,69","16,14","22,86M","-1,44%"
"18.08.2023","16,58","16,32","16,88","16,15","18,57M","1,46%"
"17.08.2023","16,34","16,92","16,92","16,25","17,49M","-2,17%"
"16.08.2023","16,71","16,96","17,49","16,52","28,81M","0,29%"
"15.08.2023","16,66","16,91","16,91","16,28","22,13M","-0,74%"
"14.08.2023","16,78","17,67","17,73","16,47","24,16M","-5,08%"
"11.08.2023","17,68","17,99","18,32","17,65","15,27M","-1,12%"
"10.08.2023","17,88","17,91","18,21","17,57","26,52M","2,30%"
"09.08.2023","17,48","18,08","18,16","17,18","32,63M","-4,44%"
"08.08.2023","18,29","17,69","18,63","17,13","14,59M","0,79%"
"07.08.2023","18,15","18,83","18,86","18,08","21,53M","-3,16%"
"04.08.2023","18,74","17,72","19,25","17,63","53,22M","5,77%"
"03.08.2023","17,72","18,52","18,65","17,57","26,42M","-2,37%"
"02.08.2023","18,15","17,77","18,25","17,66","12,60M","1,88%"
"01.08.2023","17,81","17,87","17,91","17,66","16,76M","-0,53%"
"31.07.2023","17,91","18,04","18,39","17,85","16,81M","0,59%"
"28.07.2023","17,80","17,90","18,01","17,57","10,89M","0,05%"
"27.07.2023","17,79","18,12","18,31","17,76","12,64M","-1,95%"
"26.07.2023","18,15","17,86","18,31","17,57","26,62M","1,93%"
"25.07.2023","17,80","18,09","18,61","17,69","20,30M","-1,17%"
"24.07.2023","18,01","17,48","18,15","17,41","34,42M","3,06%"
"21.07.2023","17,48","17,10","17,69","17,10","33,85M","2,35%"
"20.07.2023","17,08","17,14","17,25","16,98","45,46M","0,56%"
"19.07.2023","16,98","17,30","17,30","16,82","32,10M","-1,82%"
"18.07.2023","17,30","16,96","17,57","16,88","29,78M","0,84%"
"17.07.2023","17,15","16,90","17,32","16,78","31,90M","0,73%"
"14.07.2023","17,03","17,76","17,76","16,85","25,45M","-3,36%"
"13.07.2023","17,62","17,92","18,12","17,57","17,62M","-0,65%"
"12.07.2023","17,74","18,35","18,40","17,68","17,67M","-1,54%"
"11.07.2023","18,01","18,34","18,36","17,50","29,70M","-1,26%"
"10.07.2023","18,24","19,47","19,47","18,17","35,35M","-6,46%"
"07.07.2023","19,50","19,04","19,77","18,90","21,90M","3,13%"
"06.07.2023","18,91","19,45","19,70","18,69","15,69M","-3,18%"
"05.07.2023","19,53","19,30","19,87","19,14","13,62M","0,84%"
"04.07.2023","19,37","19,39","19,73","19,28","12,25M","-0,05%"
"03.07.2023","19,38","18,93","19,50","18,63","23,56M","1,45%"
"30.06.2023","19,10","20,63","20,63","18,71","64,44M","-6,50%"
"29.06.2023","20,43","20,12","20,62","19,76","20,00M","2,20%"
"28.06.2023","19,99","19,97","20,69","19,70","16,82M","0,10%"
"27.06.2023","19,97","20,79","20,96","19,66","27,22M","-2,54%"
"26.06.2023","20,49","21,11","21,11","20,23","11,99M","-3,00%"
"23.06.2023","21,13","20,45","21,52","20,08","17,95M","4,25%"
"22.06.2023","20,27","20,24","20,39","19,64","15,16M","-1,65%"
"21.06.2023","20,61","20,43","20,77","20,13","28,78M","0,83%"
"20.06.2023","20,44","19,57","20,67","19,35","28,98M","3,85%"
"19.06.2023","19,68","19,22","19,82","19,22","11,96M","2,21%"
"16.06.2023","19,25","19,85","19,91","19,24","27,42M","-3,51%"
"15.06.2023","19,95","20,55","20,83","19,92","18,71M","-1,95%"
"14.06.2023","20,35","20,44","20,61","19,83","30,54M","-0,05%"
"13.06.2023","20,36","21,79","21,89","20,20","19,02M","-5,78%"
"12.06.2023","21,61","20,82","21,93","20,68","20,22M","4,54%"
"09.06.2023","20,67","20,70","21,28","20,62","16,46M","0,83%"
"07.06.2023","20,50","20,37","20,98","20,11","18,79M","2,51%"
"06.06.2023","20,00","19,63","20,30","19,56","25,69M","2,92%"
"05.06.2023","19,43","19,41","19,66","19,11","8,12M","0,24%"
"02.06.2023","19,38","19,70","20,27","19,25","31,85M","-0,44%"
"01.06.2023","19,47","18,51","19,64","18,21","25,11M","5,71%"
"31.05.2023","18,42","18,36","18,59","17,97","20,31M","0,67%"
"30.05.2023","18,30","18,85","18,97","18,09","15,29M","-1,88%"
"29.05.2023","18,65","19,05","19,12","18,44","7,57M","-1,75%"
"26.05.2023","18,98","18,78","19,37","18,65","23,36M","2,77%"
"25.05.2023","18,47","18,12","18,61","17,81","21,06M","6,04%"
"24.05.2023","17,42","17,55","17,69","17,04","21,24M","-1,24%"
"23.05.2023","17,63","17,95","18,56","17,51","33,16M","-1,64%"
"22.05.2023","17,93","18,23","18,50","17,90","21,99M","-2,47%"
"19.05.2023","18,38","17,98","19,04","17,65","51,13M","2,97%"
"18.05.2023","17,85","17,43","18,15","17,30","31,21M","1,24%"
"17.05.2023","17,63","16,16","17,68","16,15","38,60M","9,66%"
"16.05.2023","16,08","16,38","16,65","16,01","12,24M","-2,08%"
"15.05.2023","16,42","16,05","16,55","15,63","16,16M","3,09%"
"12.05.2023","15,93","15,91","16,12","15,69","11,96M","-0,59%"
"11.05.2023","16,02","16,27","16,44","15,91","19,45M","-3,31%"
"10.05.2023","16,57","16,60","16,87","16,50","19,35M","0,00%"
"09.05.2023","16,57","15,97","16,85","15,97","27,36M","4,17%"
"08.05.2023","15,91","16,09","16,70","15,89","22,71M","-6,74%"
"06.05.2023","17,06","17,06","17,06","17,06","","6,60%"
"05.05.2023","16,00","14,61","16,17","14,59","36,88M","9,31%"
"04.05.2023","14,64","14,55","14,92","14,18","35,95M","6,11%"
"03.05.2023","13,80","14,16","14,16","13,61","24,11M","-2,35%"
"02.05.2023","14,13","14,87","14,89","14,06","25,32M","-5,81%"
"28.04.2023","15,00","14,34","15,02","14,21","22,61M","5,53%"
"27.04.2023","14,21","14,11","14,23","13,69","17,41M","0,20%"
"26.04.2023","14,19","14,06","14,44","13,83","18,31M","1,42%"
"25.04.2023","13,99","13,99","14,13","13,68","20,43M","-2,19%"
"24.04.2023","14,30","14,34","14,64","14,18","18,07M","-0,53%"
"20.04.2023","14,38","14,37","14,66","14,15","22,36M","0,07%"
"19.04.2023","14,37","14,97","14,97","14,26","21,86M","-5,48%"
"18.04.2023","15,20","15,92","15,92","15,09","18,39M","-4,12%"
"17.04.2023","15,85","15,57","16,04","15,44","24,20M","2,70%"
"14.04.2023","15,44","15,83","15,91","15,31","28,51M","-3,26%"
"13.04.2023","15,96","16,34","16,39","15,74","15,48M","-1,98%"
"12.04.2023","16,28","16,39","17,05","16,24","34,92M","1,72%"
"11.04.2023","16,00","15,06","16,31","15,01","46,27M","9,31%"
"10.04.2023","14,64","14,98","15,14","14,61","12,21M","-1,59%"
"06.04.2023","14,88","14,36","14,90","14,13","26,62M","4,94%"
"05.04.2023","14,18","14,60","14,67","14,06","29,38M","-2,73%"
"04.04.2023","14,57","14,71","15,09","14,57","22,61M","-0,13%"
"03.04.2023","14,59","15,75","15,75","14,38","50,92M","-7,00%"
"31.03.2023","15,69","16,57","16,79","15,51","50,30M","-6,07%"
"30.03.2023","16,70","16,71","17,14","16,45","24,40M","3,76%"
"29.03.2023","16,10","16,81","16,86","15,76","18,41M","-4,87%"
"28.03.2023","16,92","16,38","16,99","16,06","19,22M","3,41%"
"27.03.2023","16,36","16,23","16,41","15,95","12,06M","1,71%"
"24.03.2023","16,09","16,00","16,38","15,89","12,83M","1,01%"
"23.03.2023","15,93","16,34","16,50","15,39","23,97M","-2,61%"
"22.03.2023","16,35","16,72","16,96","16,21","22,28M","-0,85%"
"21.03.2023","16,49","16,59","16,62","16,26","12,17M","0,80%"
"20.03.2023","16,36","17,05","17,07","16,15","18,02M","-3,38%"
"17.03.2023","16,93","17,38","17,40","16,80","18,74M","-3,37%"
"16.03.2023","17,53","17,37","17,84","17,13","19,99M","0,86%"
"15.03.2023","17,38","17,15","17,57","16,68","21,63M","0,38%"
"14.03.2023","17,31","17,90","18,11","17,18","14,16M","-3,90%"
"13.03.2023","18,01","17,53","18,50","17,33","12,84M","1,53%"
"10.03.2023","17,74","17,81","17,95","17,31","16,01M","-2,07%"
"09.03.2023","18,12","18,27","18,96","17,95","23,99M","-1,38%"
"08.03.2023","18,37","17,05","18,55","16,98","27,86M","7,46%"
"07.03.2023","17,09","17,07","17,35","16,84","9,00M","0,55%"
"06.03.2023","17,00","16,65","17,39","16,35","12,17M","2,20%"
"03.03.2023","16,63","17,12","17,12","16,63","10,00M","-1,93%"
"02.03.2023","16,96","16,78","17,32","16,63","13,49M","1,12%"
"01.03.2023","16,78","17,56","17,62","16,52","22,54M","-4,02%"
"28.02.2023","17,48","17,84","18,20","17,48","11,46M","-2,86%"
"27.02.2023","17,99","17,90","18,31","17,79","23,12M","1,00%"
"24.02.2023","17,82","17,97","18,19","17,67","12,63M","-0,89%"
"23.02.2023","17,98","17,57","18,15","17,44","23,08M","2,62%"
"22.02.2023","17,52","17,98","18,18","17,36","20,34M","-4,74%"
"17.02.2023","18,39","17,61","18,58","17,27","33,78M","1,24%"
"16.02.2023","18,16","17,82","18,35","17,48","19,78M","0,78%"
"15.02.2023","18,02","17,64","18,51","17,38","14,61M","2,72%"
"14.02.2023","17,54","18,24","18,33","17,38","11,92M","-3,21%"
"13.02.2023","18,12","18,12","18,41","17,78","9,01M","0,31%"
"10.02.2023","18,07","17,95","18,39","17,83","8,44M","0,16%"
"09.02.2023","18,04","18,87","19,03","17,93","16,98M","-4,23%"
"08.02.2023","18,84","18,74","19,12","18,32","12,99M","1,67%"
"07.02.2023","18,53","19,06","19,07","18,42","14,27M","-2,13%"
"06.02.2023","18,93","19,21","19,22","18,53","13,33M","-0,30%"
"03.02.2023","18,99","19,98","19,98","18,82","24,10M","-6,98%"
"02.02.2023","20,41","20,20","21,02","20,08","13,71M","0,55%"
"01.02.2023","20,30","20,24","20,83","19,80","10,28M","0,14%"
"31.01.2023","20,27","20,13","20,46","19,91","13,74M","2,08%"
"30.01.2023","19,86","19,97","20,34","19,72","7,59M","-0,33%"
"27.01.2023","19,92","20,48","20,62","19,88","5,17M","-2,61%"
"26.01.2023","20,46","20,29","20,60","20,19","6,65M","0,46%"
"25.01.2023","20,36","19,90","20,51","19,49","11,34M","2,07%"
"24.01.2023","19,95","19,21","20,05","19,16","7,47M","4,41%"
"23.01.2023","19,11","19,47","19,72","19,11","9,07M","-0,78%"
"20.01.2023","19,26","19,66","19,94","19,17","18,87M","-1,20%"
"19.01.2023","19,49","19,21","19,69","18,87","13,31M","0,73%"
"18.01.2023","19,35","19,07","19,96","19,02","22,35M","3,56%"
"17.01.2023","18,69","18,65","18,84","18,42","12,06M","1,06%"
"16.01.2023","18,49","19,46","19,60","18,21","17,36M","-2,04%"
"13.01.2023","18,87","19,94","20,39","18,72","22,73M","-5,18%"
"12.01.2023","19,91","19,17","20,58","18,75","28,78M","2,02%"
"11.01.2023","19,51","18,84","19,59","18,84","15,05M","4,00%"
"10.01.2023","18,76","18,08","18,94","17,90","12,70M","2,98%"
"09.01.2023","18,22","17,89","18,59","17,60","15,66M","0,26%"
"06.01.2023","18,17","17,71","18,35","17,60","22,89M","3,69%"
"05.01.2023","17,53","17,95","18,19","17,23","35,65M","-1,53%"
"04.01.2023","17,80","18,05","18,17","17,60","15,57M","0,64%"
"03.01.2023","17,68","18,23","18,41","17,51","16,03M","-2,38%"
"02.01.2023","18,12","19,00","19,05","17,86","7,90M","-5,62%"
"29.12.2022","19,19","19,71","19,77","18,87","15,12M","-1,73%"
"28.12.2022","19,53","19,30","19,85","19,08","7,65M","2,26%"
"27.12.2022","19,10","19,60","19,64","18,65","9,75M","-1,59%"
"26.12.2022","19,41","20,60","20,61","19,40","7,84M","-5,35%"
"23.12.2022","20,51","19,49","20,72","19,28","19,45M","5,96%"
"22.12.2022","19,35","19,57","19,82","19,19","14,31M","-0,17%"
"21.12.2022","19,39","19,91","20,07","19,14","15,62M","-1,74%"
"20.12.2022","19,73","18,81","20,46","18,61","28,44M","4,22%"
"19.12.2022","18,93","18,19","19,14","18,13","18,24M","4,84%"
"16.12.2022","18,06","18,64","18,75","17,84","17,74M","-2,51%"
"15.12.2022","18,52","18,63","19,53","18,31","13,04M","-2,49%"
"14.12.2022","19,00","18,38","19,28","17,78","24,24M","2,66%"
"13.12.2022","18,50","19,22","19,43","18,43","13,45M","-2,69%"
"12.12.2022","19,01","19,27","19,60","18,57","13,44M","-1,30%"
"09.12.2022","19,27","19,81","19,81","19,17","9,25M","-1,85%"
"08.12.2022","19,63","20,43","20,70","19,53","21,06M","-4,13%"
"07.12.2022","20,47","20,07","20,71","19,91","20,63M","1,99%"
"06.12.2022","20,07","19,51","20,13","19,46","35,25M","5,06%"
"05.12.2022","19,11","20,34","20,45","19,11","22,99M","-7,80%"
"02.12.2022","20,72","20,98","21,28","20,25","17,03M","-0,49%"
"01.12.2022","20,83","21,09","21,22","20,52","17,49M","-3,15%"
"30.11.2022","21,50","21,27","21,63","20,87","18,84M","0,83%"
"29.11.2022","21,33","21,46","21,94","20,83","13,04M","0,22%"
"28.11.2022","21,28","22,25","22,43","21,28","25,62M","-4,42%"
"25.11.2022","22,27","23,58","23,59","22,15","12,39M","-6,26%"
"24.11.2022","23,75","22,91","23,92","22,74","11,32M","5,57%"
"23.11.2022","22,50","22,67","22,89","22,28","11,31M","-1,94%"
"22.11.2022","22,94","23,35","23,49","22,67","12,29M","-1,63%"
"21.11.2022","23,32","22,92","23,55","22,48","13,36M","3,59%"
"18.11.2022","22,52","22,71","23,44","22,33","15,02M","-0,04%"
"17.11.2022","22,53","22,11","22,59","21,38","22,16M","0,62%"
"16.11.2022","22,39","23,36","23,36","21,94","22,33M","-4,33%"
"14.11.2022","23,40","23,30","23,69","22,92","19,84M","2,73%"
"11.11.2022","22,78","23,41","23,59","22,49","18,85M","-2,43%"
"10.11.2022","23,34","24,68","24,93","22,97","36,00M","-8,38%"
"09.11.2022","25,48","25,82","26,29","25,26","12,11M","-1,40%"
"08.11.2022","25,84","26,12","26,57","25,57","13,44M","-1,59%"
"07.11.2022","26,26","26,90","27,21","25,67","17,17M","-3,12%"
"04.11.2022","27,11","27,87","27,87","26,55","36,97M","-4,23%"
"03.11.2022","28,30","27,69","28,60","27,64","12,21M","0,00%"
"01.11.2022","28,30","28,83","29,06","27,84","11,25M","-1,39%"
"31.10.2022","28,70","26,86","28,97","26,75","27,66M","6,99%"
"28.10.2022","26,83","26,07","27,17","25,94","11,06M","2,05%"
"27.10.2022","26,29","25,59","26,62","25,33","12,64M","3,63%"
"26.10.2022","25,37","25,86","26,08","25,15","10,28M","-2,60%"
"25.10.2022","26,05","26,51","26,98","25,92","8,24M","-1,92%"
"24.10.2022","26,56","26,91","26,93","26,04","7,06M","-1,62%"
"21.10.2022","26,99","26,53","27,40","26,14","12,52M","1,29%"
"20.10.2022","26,65","27,43","27,58","26,33","13,05M","-2,25%"
"19.10.2022","27,26","27,39","27,50","26,94","5,34M","-0,41%"
"18.10.2022","27,37","27,72","27,77","27,05","9,44M","1,31%"
"17.10.2022","27,02","26,94","27,51","26,76","6,79M","1,93%"
"14.10.2022","26,51","27,05","27,44","26,32","7,12M","-2,19%"
"13.10.2022","27,11","27,47","27,70","27,11","8,84M","-2,57%"
"11.10.2022","27,82","28,46","28,69","27,50","12,07M","-2,54%"
"10.10.2022","28,55","28,72","28,89","28,22","5,62M","-0,49%"
"07.10.2022","28,68","29,06","29,14","28,47","7,58M","-1,25%"
"06.10.2022","29,05","28,41","29,54","28,40","16,24M","2,26%"
"05.10.2022","28,41","27,87","28,61","27,47","12,74M","2,00%"
"04.10.2022","27,85","28,56","28,61","27,23","11,35M","-0,46%"
"03.10.2022","27,98","26,85","28,13","26,47","17,55M","8,15%"
"30.09.2022","25,87","24,85","26,23","24,63","10,98M","3,38%"
"29.09.2022","25,02","25,31","25,37","24,65","13,08M","-2,50%"
"28.09.2022","25,67","25,83","26,23","25,22","17,01M","-0,56%"
"27.09.2022","25,81","25,98","26,41","25,62","12,02M","0,36%"
"26.09.2022","25,72","26,13","26,35","25,52","12,78M","-2,49%"
"23.09.2022","26,37","25,75","26,38","25,60","11,22M","0,42%"
"22.09.2022","26,26","25,68","26,38","25,43","14,79M","3,01%"
"21.09.2022","25,50","24,77","25,94","24,48","13,70M","2,98%"
"20.09.2022","24,76","24,65","24,87","24,29","7,48M","0,37%"
"19.09.2022","24,67","24,27","24,91","24,21","6,16M","1,29%"
"16.09.2022","24,35","24,67","24,67","23,57","21,23M","-1,57%"
"15.09.2022","24,74","25,21","25,59","24,69","6,36M","-2,12%"
"14.09.2022","25,27","25,01","25,54","24,71","7,12M","0,59%"
"13.09.2022","25,13","24,84","25,26","24,53","6,72M","-1,09%"
"12.09.2022","25,40","25,23","25,97","25,03","14,12M","2,50%"
"09.09.2022","24,79","24,47","25,01","24,36","10,03M","3,19%"
"08.09.2022","24,02","24,23","24,57","23,63","17,69M","-0,04%"
"06.09.2022","24,03","24,58","24,60","23,71","10,09M","-3,49%"
"05.09.2022","24,90","24,97","25,05","24,53","4,48M","1,01%"
"02.09.2022","24,65","24,70","25,07","24,25","9,33M","0,49%"
"01.09.2022","24,53","24,49","24,66","23,73","18,46M","0,38%"
"31.08.2022","24,43","25,61","25,77","24,27","12,82M","-3,36%"
"30.08.2022","25,28","25,51","25,60","24,91","9,62M","-0,51%"
"29.08.2022","25,41","25,55","25,84","25,06","9,05M","-0,97%"
"26.08.2022","25,66","25,54","25,84","25,31","11,12M","0,72%"
"25.08.2022","25,48","25,23","25,77","25,17","6,45M","1,36%"
"24.08.2022","25,14","25,00","25,73","24,85","6,27M","0,85%"
"23.08.2022","24,92","24,50","25,23","24,31","9,48M","1,62%"
"22.08.2022","24,53","24,69","25,01","24,28","13,49M","-2,06%"
"19.08.2022","25,04","25,27","25,39","24,74","15,61M","-1,88%"
"18.08.2022","25,52","25,48","25,69","25,16","7,21M","0,00%"
"17.08.2022","25,52","25,69","25,99","25,31","11,72M","-1,46%"
"16.08.2022","25,90","26,43","26,45","25,45","9,66M","-1,99%"
"15.08.2022","26,43","25,29","26,59","25,14","13,00M","3,39%"
"12.08.2022","25,56","25,39","25,89","25,29","11,36M","1,65%"
"11.08.2022","25,15","25,92","26,35","24,75","13,23M","-2,61%"
"10.08.2022","25,82","25,88","26,11","25,36","31,29M","4,13%"
"09.08.2022","24,79","25,60","25,88","24,35","11,86M","-2,33%"
"08.08.2022","25,39","25,67","25,87","25,03","15,34M","0,11%"
"05.08.2022","25,36","26,69","27,05","24,64","32,78M","-2,76%"
"04.08.2022","26,08","25,76","26,73","25,74","25,80M","3,63%"
"03.08.2022","25,16","23,64","25,22","23,62","24,57M","6,61%"
"02.08.2022","23,60","23,35","23,71","23,19","8,36M","0,91%"
"01.08.2022","23,39","23,19","23,84","23,19","9,30M","0,20%"
"29.07.2022","23,35","23,98","24,07","23,09","17,41M","-2,62%"
"28.07.2022","23,97","23,15","24,16","23,00","7,44M","2,97%"
"27.07.2022","23,28","22,34","23,37","22,27","7,19M","4,91%"
"26.07.2022","22,19","22,78","22,82","21,99","7,09M","-2,67%"
"25.07.2022","22,80","22,76","23,07","22,68","4,70M","1,15%"
"22.07.2022","22,54","22,99","23,24","22,07","6,47M","-1,61%"
"21.07.2022","22,91","23,07","23,22","22,72","4,95M","-1,19%"
"20.07.2022","23,19","22,84","23,31","22,62","8,84M","1,54%"
"19.07.2022","22,84","23,29","23,62","22,46","8,49M","-1,20%"
"18.07.2022","23,11","23,50","24,03","22,93","15,82M","-0,12%"
"15.07.2022","23,14","22,86","23,45","22,63","11,70M","1,33%"
"14.07.2022","22,84","22,51","22,97","22,38","12,67M","0,57%"
"13.07.2022","22,71","22,16","23,26","22,12","18,03M","1,74%"
"12.07.2022","22,32","22,13","22,79","22,11","7,27M","0,46%"
"11.07.2022","22,22","22,61","22,67","22,08","7,63M","-2,87%"
"08.07.2022","22,87","22,86","23,44","22,57","10,96M","0,12%"
"07.07.2022","22,85","22,26","23,10","22,16","12,92M","3,73%"
"06.07.2022","22,03","21,28","22,18","21,24","10,24M","3,33%"
"05.07.2022","21,31","21,00","21,45","20,72","9,32M","0,26%"
"04.07.2022","21,26","21,26","21,76","21,07","5,29M","-0,30%"
"01.07.2022","21,32","20,71","21,64","20,49","15,40M","2,12%"
"30.06.2022","20,88","20,28","21,04","20,10","9,18M","1,43%"
"29.06.2022","20,59","20,98","21,06","20,37","6,07M","-1,13%"
"28.06.2022","20,82","21,39","21,44","20,45","8,87M","-2,03%"
"27.06.2022","21,25","21,27","21,88","21,19","6,22M","0,17%"
"24.06.2022","21,22","22,00","22,09","20,96","10,97M","-2,94%"
"23.06.2022","21,86","21,53","22,34","21,52","12,00M","1,62%"
"22.06.2022","21,51","20,81","21,88","20,77","8,20M","1,56%"
"21.06.2022","21,18","21,89","22,11","20,99","14,20M","-3,18%"
"20.06.2022","21,88","21,85","22,55","21,30","9,93M","0,55%"
"17.06.2022","21,76","21,46","21,83","20,86","20,00M","-0,67%"
"15.06.2022","21,90","21,44","22,45","21,40","14,62M","4,23%"
"14.06.2022","21,01","21,07","21,75","20,88","9,08M","-0,95%"
"13.06.2022","21,22","21,63","21,67","21,03","10,93M","-3,86%"
"10.06.2022","22,07","23,02","23,17","21,96","18,81M","-4,52%"
"09.06.2022","23,11","24,09","24,18","22,85","24,39M","-4,29%"
"08.06.2022","24,15","24,23","24,45","23,83","8,77M","-1,24%"
"07.06.2022","24,45","24,44","24,59","23,89","9,99M","-1,11%"
"06.06.2022","24,73","25,99","26,05","24,69","5,51M","-4,29%"
"03.06.2022","25,83","25,81","26,12","25,05","10,43M","0,57%"
"02.06.2022","25,69","24,96","26,02","24,90","16,42M","4,05%"
"01.06.2022","24,69","24,50","24,84","24,13","12,38M","1,28%"
"31.05.2022","24,38","23,96","24,58","23,59","15,99M","1,56%"
"30.05.2022","24,00","24,52","24,62","23,87","4,13M","-0,84%"
"27.05.2022","24,21","24,42","24,67","24,06","5,57M","-0,57%"
"26.05.2022","24,35","23,81","24,92","23,64","11,53M","2,66%"
"25.05.2022","23,72","23,24","23,85","22,80","12,19M","1,55%"
"24.05.2022","23,35","23,24","23,51","22,62","13,46M","-0,87%"
"23.05.2022","23,56","24,08","24,12","23,55","7,19M","-1,01%"
"20.05.2022","23,80","24,08","24,30","23,64","8,21M","-0,08%"
"19.05.2022","23,82","23,65","24,00","23,42","8,24M","0,67%"
"18.05.2022","23,66","23,94","24,09","23,35","9,84M","-2,04%"
"17.05.2022","24,15","24,71","25,09","23,98","17,29M","0,50%"
"16.05.2022","24,03","23,75","24,26","23,48","6,91M","1,69%"
"13.05.2022","23,63","23,57","24,07","23,47","5,36M","0,75%"
"12.05.2022","23,46","22,60","23,86","22,49","10,04M","3,06%"
"11.05.2022","22,76","22,96","23,09","22,42","9,11M","-0,85%"
"10.05.2022","22,96","22,55","23,42","22,33","12,87M","3,56%"
"09.05.2022","22,17","22,18","22,77","21,73","11,41M","-1,44%"
"06.05.2022","22,49","21,55","23,16","21,31","37,06M","5,99%"
"05.05.2022","21,22","22,25","22,34","20,92","9,38M","-5,73%"
"04.05.2022","22,51","21,73","22,68","20,91","14,70M","3,15%"
"03.05.2022","21,82","22,40","22,45","21,64","10,32M","-1,59%"
"02.05.2022","22,18","22,00","22,24","21,53","11,40M","0,63%"
"29.04.2022","22,04","22,80","23,24","21,96","11,37M","-2,62%"
"28.04.2022","22,63","22,74","22,96","22,33","12,70M","-0,57%"
"27.04.2022","22,76","23,10","23,49","22,42","25,73M","0,29%"
"26.04.2022","22,70","23,08","23,89","22,52","14,99M","-2,16%"
"25.04.2022","23,20","22,89","23,35","22,57","10,63M","-0,08%"
"22.04.2022","23,22","23,57","23,76","22,92","11,62M","-3,70%"
"20.04.2022","24,11","24,12","24,37","23,38","12,02M","-1,03%"
"19.04.2022","24,36","24,38","24,53","24,02","9,96M","-0,68%"
"18.04.2022","24,52","24,69","25,05","24,30","8,49M","-1,16%"
"14.04.2022","24,81","24,60","25,13","24,51","9,44M","0,26%"
"13.04.2022","24,75","24,59","24,78","24,13","11,19M","1,79%"
"12.04.2022","24,31","25,19","25,55","24,19","13,46M","-2,06%"
"11.04.2022","24,82","24,40","25,07","24,13","10,33M","0,07%"
"08.04.2022","24,80","24,65","25,40","24,27","21,57M","-0,34%"
"07.04.2022","24,89","24,78","25,27","24,40","10,71M","-0,85%"
"06.04.2022","25,10","25,83","25,83","24,68","15,93M","-3,25%"
"05.04.2022","25,94","27,33","27,68","25,56","15,30M","-4,87%"
"04.04.2022","27,27","27,08","27,47","26,26","11,92M","1,14%"
"01.04.2022","26,96","25,89","27,19","25,87","21,23M","5,67%"
"31.03.2022","25,52","25,50","25,90","25,15","10,63M","0,59%"
"30.03.2022","25,37","25,52","25,95","24,99","6,59M","-0,55%"
"29.03.2022","25,51","25,79","26,05","25,22","10,39M","2,12%"
"28.03.2022","24,98","25,65","25,82","24,63","10,39M","-2,39%"
"25.03.2022","25,59","25,89","26,46","25,35","15,40M","-0,25%"
"24.03.2022","25,66","24,25","25,93","23,95","21,14M","5,74%"
"23.03.2022","24,26","23,01","24,37","22,58","22,20M","5,63%"
"22.03.2022","22,97","22,48","23,34","22,43","16,59M","3,58%"
"21.03.2022","22,18","22,28","22,32","21,18","15,54M","-0,46%"
"18.03.2022","22,28","19,74","22,42","19,49","43,44M","5,46%"
"17.03.2022","21,13","21,01","21,32","20,54","15,45M","0,44%"
"16.03.2022","21,03","20,85","21,22","20,61","7,84M","1,88%"
"15.03.2022","20,65","20,38","20,95","20,22","13,64M","0,36%"
"14.03.2022","20,57","21,36","21,40","20,44","6,53M","-2,41%"
"11.03.2022","21,08","21,96","22,31","20,89","7,59M","-3,75%"
"10.03.2022","21,90","22,05","22,55","21,33","13,73M","-2,94%"
"09.03.2022","22,56","21,90","23,13","21,47","29,91M","4,62%"
"08.03.2022","21,57","20,32","22,11","19,78","50,32M","6,37%"
"07.03.2022","20,28","21,86","22,09","20,28","27,87M","-8,91%"
"04.03.2022","22,26","22,79","22,95","22,01","9,02M","-2,54%"
"03.03.2022","22,84","23,33","23,63","22,69","6,58M","-1,90%"
"02.03.2022","23,28","22,60","24,04","22,55","6,22M","-0,32%"
"25.02.2022","23,36","23,61","23,70","22,84","12,57M","-0,74%"
"24.02.2022","23,53","23,20","23,96","22,47","12,81M","-0,74%"
"23.02.2022","23,71","23,89","24,97","23,55","10,59M","-0,89%"
"22.02.2022","23,92","24,59","24,83","23,81","10,56M","-8,10%"
"21.02.2022","26,03","27,10","27,10","25,58","7,32M","-4,46%"
"18.02.2022","27,24","27,19","27,36","26,61","9,45M","1,36%"
"17.02.2022","26,88","27,10","27,67","26,86","9,63M","-1,02%"
"16.02.2022","27,15","26,84","27,31","26,42","11,69M","1,48%"
"15.02.2022","26,76","25,96","26,89","25,82","11,34M","4,63%"
"14.02.2022","25,57","25,19","25,93","25,18","8,00M","2,21%"
"11.02.2022","25,02","25,30","25,99","24,54","13,09M","-0,90%"
"10.02.2022","25,25","25,69","25,82","25,03","8,56M","-1,27%"
"09.02.2022","25,57","25,99","26,09","25,24","5,65M","1,29%"
"08.02.2022","25,25","24,98","25,44","24,40","9,22M","-0,43%"
"07.02.2022","25,36","25,77","26,18","25,03","5,80M","-1,95%"
"04.02.2022","25,86","26,16","26,27","25,07","7,01M","-1,76%"
"03.02.2022","26,32","26,33","26,90","25,85","7,04M","0,30%"
"02.02.2022","26,24","26,75","27,13","25,74","8,88M","-1,45%"
"01.02.2022","26,63","27,69","28,24","26,37","11,84M","-4,05%"
"31.01.2022","27,76","27,73","28,10","27,46","11,33M","-0,11%"
"28.01.2022","27,78","27,19","27,99","27,03","11,47M","0,79%"
"27.01.2022","27,57","27,83","28,52","27,24","15,59M","0,65%"
"26.01.2022","27,39","27,55","28,50","26,93","16,69M","2,74%"
"25.01.2022","26,66","25,29","26,94","25,24","18,35M","4,37%"
"24.01.2022","25,54","26,00","26,04","25,21","8,09M","-2,12%"
"21.01.2022","26,10","25,56","26,64","25,21","17,27M","1,15%"
"20.01.2022","25,80","24,97","26,27","24,83","22,42M","5,19%"
"19.01.2022","24,53","23,49","24,81","23,36","12,69M","5,74%"
"18.01.2022","23,20","23,13","23,44","22,75","6,35M","0,04%"
"17.01.2022","23,19","23,64","23,92","23,14","4,10M","-2,00%"
"14.01.2022","23,66","24,38","24,45","23,41","8,44M","-3,19%"
"13.01.2022","24,44","24,09","24,68","23,84","9,71M","0,45%"
"12.01.2022","24,33","23,15","24,57","23,00","20,97M","5,98%"
"11.01.2022","22,96","22,37","23,21","22,06","10,20M","2,29%"
"10.01.2022","22,44","22,44","22,81","22,07","7,37M","-1,09%"
"07.01.2022","22,69","22,45","23,09","21,98","15,52M","0,83%"
"06.01.2022","22,50","21,59","22,64","21,16","21,41M","5,12%"
"05.01.2022","21,41","22,43","22,68","21,37","13,08M","-4,87%"
"04.01.2022","22,50","22,95","23,24","22,15","16,18M","-1,21%"
"03.01.2022","22,78","24,13","24,33","22,78","11,67M","-5,56%"
"30.12.2021","24,12","23,64","24,44","23,60","7,55M","2,26%"
"29.12.2021","23,59","24,15","24,19","23,59","7,02M","-2,29%"
"28.12.2021","24,14","24,21","24,53","23,86","7,08M","0,37%"
"27.12.2021","24,05","23,84","24,54","23,80","6,87M","0,83%"
"23.12.2021","23,86","24,38","24,57","23,57","5,95M","-1,75%"
"22.12.2021","24,28","24,34","24,42","23,54","14,93M","0,16%"
"21.12.2021","24,24","25,04","25,20","24,10","10,89M","-2,26%"
"20.12.2021","24,80","25,34","25,68","24,67","10,78M","-3,73%"
"17.12.2021","25,76","25,35","26,23","24,95","14,74M","0,15%"
"16.12.2021","25,73","26,71","26,78","25,46","12,15M","-2,93%"
"15.12.2021","26,50","26,09","26,64","25,50","15,09M","2,04%"
"14.12.2021","25,97","27,55","27,76","25,81","16,00M","-4,89%"
"13.12.2021","27,31","27,99","28,24","27,31","10,72M","-2,08%"
"10.12.2021","27,89","28,13","28,51","27,63","8,84M","0,53%"
"09.12.2021","27,74","28,79","29,04","27,35","11,89M","-4,56%"
"08.12.2021","29,06","28,87","29,40","28,24","9,57M","0,48%"
"07.12.2021","28,93","29,64","29,77","28,44","9,47M","-1,11%"
"06.12.2021","29,25","28,94","29,46","28,45","9,55M","1,85%"
"03.12.2021","28,72","28,22","29,83","28,12","10,78M","2,24%"
"02.12.2021","28,09","28,24","28,56","27,65","14,85M","1,13%"
"01.12.2021","27,78","28,38","29,12","27,46","10,69M","-0,56%"
"30.11.2021","27,93","28,08","28,78","27,30","19,59M","-1,69%"
"29.11.2021","28,42","29,21","29,52","28,18","8,82M","-1,43%"
"26.11.2021","28,83","29,46","29,46","28,08","12,98M","-4,58%"
"25.11.2021","30,21","30,16","30,91","29,87","8,93M","0,52%"
"24.11.2021","30,06","30,52","30,89","29,45","11,30M","-1,73%"
"23.11.2021","30,59","30,84","31,14","29,61","9,64M","-0,10%"
"22.11.2021","30,61","31,86","32,07","30,40","7,21M","-3,53%"
"19.11.2021","31,73","31,32","32,80","31,25","14,47M","1,48%"
"18.11.2021","31,27","30,52","31,29","30,29","9,40M","2,81%"
"17.11.2021","30,42","31,14","31,30","29,55","8,70M","-0,74%"
"16.11.2021","30,64","31,98","32,14","30,29","11,84M","-3,16%"
"12.11.2021","31,65","33,19","33,19","31,36","20,34M","-5,01%"
"11.11.2021","33,31","32,57","34,13","32,27","13,96M","3,57%"
"10.11.2021","32,17","31,45","33,22","31,45","12,07M","1,36%"
"09.11.2021","31,73","30,60","32,40","30,54","7,94M","4,26%"
"08.11.2021","30,44","31,09","31,09","30,06","5,42M","-1,90%"
"05.11.2021","31,03","30,86","32,21","30,74","9,84M","1,94%"
"04.11.2021","30,44","31,11","31,52","30,11","10,49M","-2,18%"
"03.11.2021","31,12","29,48","31,68","29,43","13,52M","5,00%"
"01.11.2021","29,63","28,79","29,88","28,79","7,81M","3,01%"
"29.10.2021","28,77","29,15","29,38","28,45","10,29M","-0,37%"
"28.10.2021","28,88","28,33","29,42","28,33","11,09M","-0,06%"
"27.10.2021","28,89","28,22","29,63","28,14","13,79M","2,79%"
"26.10.2021","28,11","29,01","29,22","27,90","12,60M","-4,14%"
"25.10.2021","29,32","28,70","29,81","28,45","13,90M","2,50%"
"22.10.2021","28,61","29,46","29,55","27,14","36,53M","-4,01%"
"21.10.2021","29,80","30,34","31,37","29,56","19,66M","-4,44%"
"20.10.2021","31,19","30,51","32,07","30,51","13,84M","1,48%"
"19.10.2021","30,73","31,69","31,69","30,20","13,99M","-4,33%"
"18.10.2021","32,13","31,86","32,70","31,15","9,04M","0,67%"
"15.10.2021","31,91","30,74","32,13","30,56","11,16M","3,32%"
"14.10.2021","30,88","31,10","31,38","30,48","5,15M","-0,52%"
"13.10.2021","31,04","30,42","31,60","30,21","15,17M","2,60%"
"11.10.2021","30,26","31,19","31,19","30,13","7,64M","-2,31%"
"08.10.2021","30,97","30,53","32,13","30,46","12,02M","2,75%"
"07.10.2021","30,14","30,42","30,62","29,85","8,04M","-0,09%"
"06.10.2021","30,17","29,81","30,26","28,97","12,08M","-1,26%"
"05.10.2021","30,55","30,68","31,13","30,24","13,15M","-0,26%"
"04.10.2021","30,63","32,16","32,25","30,32","8,28M","-5,25%"
"01.10.2021","32,33","30,78","32,40","30,47","11,48M","5,23%"
"30.09.2021","30,72","30,80","31,40","30,48","7,82M","-0,17%"
"29.09.2021","30,78","30,74","31,67","30,53","6,77M","0,70%"
"28.09.2021","30,56","31,79","31,83","30,15","11,56M","-4,49%"
"27.09.2021","32,00","33,12","33,17","31,71","6,68M","-3,06%"
"24.09.2021","33,01","32,99","33,10","32,61","5,42M","-0,59%"
"23.09.2021","33,21","32,81","33,45","32,63","11,30M","1,61%"
"22.09.2021","32,68","32,77","32,91","32,07","8,08M","0,52%"
"21.09.2021","32,51","31,98","33,14","31,80","8,04M","2,35%"
"20.09.2021","31,76","32,18","32,56","31,33","7,97M","-2,30%"
"17.09.2021","32,51","32,98","33,27","32,48","12,27M","-1,88%"
"16.09.2021","33,13","32,69","33,34","32,44","6,96M","1,25%"
"15.09.2021","32,72","33,48","33,78","32,32","10,61M","-1,58%"
"14.09.2021","33,25","33,18","33,77","32,96","9,48M","0,56%"
"13.09.2021","33,06","32,64","33,38","32,43","7,46M","2,76%"
"10.09.2021","32,17","32,52","32,98","31,86","10,11M","1,01%"
"09.09.2021","31,85","31,42","32,31","30,74","11,88M","1,79%"
"08.09.2021","31,29","32,96","33,07","31,19","12,56M","-5,23%"
"06.09.2021","33,02","32,77","33,31","32,74","2,78M","0,00%"
"03.09.2021","33,02","32,73","33,02","32,07","11,66M","1,62%"
"02.09.2021","32,49","33,27","33,27","32,49","7,71M","-2,59%"
"01.09.2021","33,36","33,62","34,00","33,04","11,33M","-1,47%"
"31.08.2021","33,85","33,94","34,54","33,16","8,70M","0,21%"
"30.08.2021","33,78","33,98","34,14","33,48","4,28M","-0,60%"
"27.08.2021","33,99","33,85","34,28","33,38","8,02M","0,79%"
"26.08.2021","33,72","34,68","34,91","33,64","9,53M","-3,59%"
"25.08.2021","34,97","34,56","35,37","34,22","6,37M","1,08%"
"24.08.2021","34,60","34,00","34,85","34,00","6,61M","2,23%"
"23.08.2021","33,85","34,79","35,22","33,52","9,99M","-2,93%"
"20.08.2021","34,87","34,41","35,16","34,33","9,78M","-0,63%"
"19.08.2021","35,09","34,39","35,69","34,00","11,16M","1,15%"
"18.08.2021","34,69","35,14","35,47","34,14","11,34M","-1,22%"
"17.08.2021","35,12","35,20","35,24","34,07","15,36M","-0,70%"
"16.08.2021","35,37","36,25","36,60","34,69","11,26M","-2,64%"
"13.08.2021","36,33","36,65","36,98","35,15","12,50M","1,26%"
"12.08.2021","35,87","36,16","36,49","35,50","7,41M","-1,15%"
"11.08.2021","36,29","36,02","36,58","35,69","5,98M","0,62%"
"10.08.2021","36,07","36,78","36,82","35,96","6,22M","-1,36%"
"09.08.2021","36,57","36,59","37,26","36,40","8,23M","-0,22%"
"06.08.2021","36,65","36,69","37,24","36,36","8,78M","-0,05%"
"05.08.2021","36,66","37,25","37,30","36,08","13,06M","-0,63%"
"04.08.2021","36,90","37,00","37,37","36,52","7,07M","-1,10%"
"03.08.2021","37,31","36,96","37,39","36,36","7,07M","0,62%"
"02.08.2021","37,07","37,35","38,09","36,96","8,68M","0,92%"
"30.07.2021","36,74","37,09","37,31","36,47","8,57M","-1,97%"
"29.07.2021","37,47","37,31","37,84","37,15","4,49M","0,17%"
"28.07.2021","37,41","37,36","37,66","36,88","9,75M","0,17%"
"27.07.2021","37,35","37,56","37,63","36,80","6,15M","-1,29%"
"26.07.2021","37,84","38,54","38,57","37,43","6,50M","-1,78%"
"23.07.2021","38,52","38,85","39,06","38,21","7,41M","-1,23%"
"22.07.2021","39,00","38,48","39,18","38,48","5,96M","1,53%"
"21.07.2021","38,42","38,69","38,91","38,19","7,87M","-0,71%"
"20.07.2021","38,69","38,92","39,18","38,31","11,19M","-1,02%"
"19.07.2021","39,09","39,64","39,78","38,77","7,91M","-2,40%"
"16.07.2021","40,05","40,23","40,67","39,72","7,21M","0,13%"
"15.07.2021","40,00","40,16","40,60","39,64","7,33M","-0,60%"
"14.07.2021","40,24","40,83","40,85","39,98","10,11M","-0,29%"
"13.07.2021","40,36","39,71","40,45","39,23","9,36M","1,07%"
"12.07.2021","39,93","39,80","40,11","39,37","9,22M","0,72%"
"08.07.2021","39,64","38,92","39,92","38,43","10,68M","0,34%"
"07.07.2021","39,51","38,91","39,84","38,61","10,02M","2,59%"
"06.07.2021","38,51","38,63","38,85","38,33","7,57M","-0,48%"
"05.07.2021","38,70","38,73","39,26","38,31","5,89M","0,28%"
"02.07.2021","38,59","38,50","39,14","38,31","8,35M","1,31%"
"01.07.2021","38,10","39,42","39,72","37,62","21,08M","-3,17%"
"30.06.2021","39,34","39,14","39,56","38,38","22,20M","0,07%"
"29.06.2021","39,32","40,29","40,29","38,90","16,76M","-2,43%"
"28.06.2021","40,29","39,74","40,45","39,69","5,25M","0,66%"
"25.06.2021","40,03","40,42","40,69","39,33","7,13M","-1,25%"
"24.06.2021","40,53","40,21","40,84","40,01","5,75M","1,65%"
"23.06.2021","39,88","40,65","40,85","39,55","9,99M","-1,88%"
"22.06.2021","40,64","40,90","40,92","39,57","12,09M","-1,06%"
"21.06.2021","41,08","41,25","41,77","40,78","8,93M","-0,47%"
"18.06.2021","41,27","40,94","41,49","40,76","13,72M","0,43%"
"17.06.2021","41,09","41,39","41,60","40,53","7,45M","-0,69%"
"16.06.2021","41,38","42,19","42,25","40,93","13,60M","-1,96%"
"15.06.2021","42,20","42,61","42,67","41,89","6,96M","-0,79%"
"14.06.2021","42,54","41,44","42,85","41,43","7,72M","3,21%"
"11.06.2021","41,22","42,22","42,28","40,73","9,83M","-2,48%"
"10.06.2021","42,27","42,76","42,76","41,56","7,26M","-0,58%"
"09.06.2021","42,51","43,30","43,41","42,37","11,86M","-1,80%"
"08.06.2021","43,29","43,13","43,62","42,81","10,96M","0,79%"
"07.06.2021","42,96","42,80","43,23","41,56","9,79M","0,62%"
"04.06.2021","42,69","42,53","42,82","41,46","10,37M","0,56%"
"02.06.2021","42,45","42,56","43,09","41,95","7,65M","-0,08%"
"01.06.2021","42,49","41,89","43,14","41,89","8,32M","2,29%"
"31.05.2021","41,54","41,94","41,94","40,94","9,29M","-1,33%"
"28.05.2021","42,10","41,80","42,67","41,66","12,21M","0,91%"
"27.05.2021","41,71","40,96","42,06","40,64","20,62M","2,17%"
"26.05.2021","40,83","40,36","41,49","39,93","12,03M","2,11%"
"25.05.2021","39,98","39,18","40,13","38,94","9,47M","2,34%"
"24.05.2021","39,07","39,11","39,54","38,57","7,45M","-0,32%"
"21.05.2021","39,19","39,13","39,40","38,46","5,87M","0,30%"
"20.05.2021","39,08","39,38","39,90","38,41","8,55M","-0,77%"
"19.05.2021","39,38","39,20","39,84","39,03","5,82M","-0,74%"
"18.05.2021","39,67","40,05","40,06","39,32","5,49M","-0,89%"
"17.05.2021","40,03","38,59","40,44","38,46","7,34M","3,09%"
"14.05.2021","38,83","39,12","40,01","37,86","14,31M","-0,84%"
"13.05.2021","39,16","38,22","39,30","38,16","7,05M","2,15%"
"12.05.2021","38,33","39,11","39,25","37,69","14,40M","-2,97%"
"11.05.2021","39,50","38,27","39,50","37,58","9,45M","1,41%"
"10.05.2021","38,95","38,09","39,19","37,94","8,38M","0,76%"
"07.05.2021","38,66","37,19","38,67","37,06","10,82M","4,16%"
"06.05.2021","37,12","36,66","37,12","36,26","8,29M","1,04%"
"05.05.2021","36,74","36,61","38,00","36,42","15,77M","0,73%"
"04.05.2021","36,47","36,44","36,92","35,94","24,21M","0,22%"
"03.05.2021","36,39","35,93","36,78","35,55","15,69M","1,49%"
"30.04.2021","35,86","35,86","37,06","35,36","25,33M","1,08%"
"29.04.2021","35,48","35,56","36,19","35,04","8,67M","-0,08%"
"28.04.2021","35,50","35,87","36,03","35,19","9,49M","-0,99%"
"27.04.2021","35,86","36,78","36,80","35,60","7,93M","-2,56%"
"26.04.2021","36,80","36,23","37,37","36,22","10,17M","1,66%"
"23.04.2021","36,20","36,50","36,88","35,82","15,55M","0,05%"
"22.04.2021","36,18","38,84","39,35","36,02","23,67M","-5,99%"
"20.04.2021","38,48","40,11","40,26","38,01","13,50M","-4,05%"
"19.04.2021","40,11","41,78","42,18","39,72","20,97M","-3,56%"
"16.04.2021","41,59","36,87","42,12","36,75","28,22M","11,91%"
"15.04.2021","37,16","36,64","37,16","36,51","6,35M","1,01%"
"14.04.2021","36,79","36,80","37,21","36,23","4,21M","-0,05%"
"13.04.2021","36,81","36,44","37,14","36,20","5,02M","1,07%"
"12.04.2021","36,42","36,90","37,13","36,28","5,60M","-1,04%"
"09.04.2021","36,80","37,20","37,47","36,67","8,98M","-2,19%"
"08.04.2021","37,62","38,25","38,47","37,49","8,02M","-1,62%"
"07.04.2021","38,24","38,72","38,92","37,93","7,61M","-1,60%"
"06.04.2021","38,86","38,31","39,52","38,00","6,49M","1,08%"
"05.04.2021","38,45","38,33","38,90","37,74","5,04M","1,03%"
"01.04.2021","38,06","37,99","38,82","37,60","9,11M","0,77%"
"31.03.2021","37,76","38,94","38,94","37,68","11,19M","-3,03%"
"30.03.2021","38,94","36,55","39,10","36,39","11,37M","5,86%"
"29.03.2021","36,79","36,90","37,13","36,36","10,29M","-1,17%"
"26.03.2021","37,22","37,87","38,24","36,63","11,44M","-2,08%"
"25.03.2021","38,01","35,88","38,25","35,43","16,31M","4,79%"
"24.03.2021","36,28","36,70","37,05","36,12","5,19M","-1,78%"
"23.03.2021","36,93","36,68","37,67","36,50","6,52M","0,24%"
"22.03.2021","36,84","37,39","37,89","36,74","7,00M","-2,17%"
"19.03.2021","37,66","36,62","37,97","36,62","10,42M","3,49%"
"18.03.2021","36,39","36,63","37,25","36,01","7,44M","-1,23%"
"17.03.2021","36,84","35,51","37,31","35,08","11,46M","2,26%"
"16.03.2021","36,02","36,90","37,06","35,58","5,23M","-2,68%"
"15.03.2021","37,02","36,59","37,31","36,24","7,91M","0,63%"
"12.03.2021","36,79","35,18","36,89","35,02","11,27M","2,82%"
"11.03.2021","35,78","34,33","36,10","33,74","23,60M","5,48%"
"10.03.2021","33,92","32,81","34,54","32,63","13,51M","3,90%"
"09.03.2021","32,64","33,63","33,99","32,24","20,77M","-2,95%"
"08.03.2021","33,63","34,38","34,69","33,45","15,08M","-3,94%"
"05.03.2021","35,02","34,63","36,23","34,45","15,88M","0,58%"
"04.03.2021","34,81","33,44","35,53","33,23","21,22M","4,94%"
"03.03.2021","33,17","32,76","33,90","31,78","10,31M","0,29%"
"02.03.2021","33,08","32,46","33,59","31,63","13,56M","0,54%"
"01.03.2021","32,90","32,79","33,40","32,18","7,14M","1,39%"
"26.02.2021","32,45","33,02","33,75","32,14","17,01M","-1,56%"
"25.02.2021","32,96","32,99","33,40","32,58","11,94M","-0,21%"
"24.02.2021","33,03","34,03","34,03","32,84","8,09M","-2,46%"
"23.02.2021","33,86","34,08","34,13","33,47","7,88M","-0,21%"
"22.02.2021","33,94","34,52","34,56","33,33","13,77M","-3,35%"
"19.02.2021","35,11","35,40","35,79","34,59","8,17M","-0,82%"
"18.02.2021","35,40","36,00","36,40","35,08","8,91M","-1,36%"
"17.02.2021","35,89","35,63","36,10","35,03","9,26M","1,63%"
"12.02.2021","35,32","34,70","35,40","34,35","10,87M","1,29%"
"11.02.2021","34,86","35,40","35,94","34,84","8,33M","-0,93%"
"10.02.2021","35,19","36,04","36,17","34,86","9,99M","-2,76%"
"09.02.2021","36,19","36,56","36,63","35,65","8,70M","-0,85%"
"08.02.2021","36,50","36,38","36,80","35,85","4,69M","0,56%"
"05.02.2021","36,30","36,55","36,89","36,25","4,20M","-0,80%"
"04.02.2021","36,59","36,82","37,41","36,34","3,66M","-1,20%"
"03.02.2021","37,03","36,53","37,14","36,17","7,96M","2,02%"
"02.02.2021","36,30","37,00","37,46","36,13","8,72M","-0,15%"
"01.02.2021","36,35","37,11","37,21","36,22","7,86M","-0,96%"
"29.01.2021","36,71","37,95","38,50","36,71","12,32M","-4,07%"
"28.01.2021","38,26","37,15","39,02","36,77","8,87M","3,69%"
"27.01.2021","36,90","36,60","37,26","36,11","5,16M","0,65%"
"26.01.2021","36,66","36,33","37,87","35,95","8,74M","0,98%"
"22.01.2021","36,31","36,87","37,07","35,67","10,95M","-3,16%"
"21.01.2021","37,49","38,13","38,40","37,12","8,09M","-1,74%"
"20.01.2021","38,16","39,02","39,33","38,01","5,62M","-1,80%"
"19.01.2021","38,86","38,33","39,08","38,02","6,44M","1,79%"
"18.01.2021","38,18","38,33","39,31","38,01","4,96M","0,12%"
"15.01.2021","38,13","37,40","38,45","37,06","10,88M","-0,69%"
"14.01.2021","38,40","37,02","38,52","36,86","8,11M","4,78%"
"13.01.2021","36,64","37,04","37,04","36,26","5,34M","-1,19%"
"12.01.2021","37,09","36,79","37,17","36,17","5,83M","1,09%"
"11.01.2021","36,69","37,87","37,95","36,24","9,65M","-3,83%"
"08.01.2021","38,15","36,06","38,19","35,94","14,57M","5,77%"
"07.01.2021","36,07","35,37","36,26","34,44","13,51M","2,44%"
"06.01.2021","35,21","37,10","37,21","34,99","9,81M","-4,83%"
"05.01.2021","37,00","37,37","37,67","36,40","5,65M","-0,97%"
"04.01.2021","37,36","38,91","39,33","37,13","7,59M","-3,05%"
"30.12.2020","38,54","38,95","39,49","38,54","4,79M","-1,34%"
"29.12.2020","39,06","38,91","39,22","38,37","5,29M","0,36%"
"28.12.2020","38,92","38,67","38,94","37,64","7,13M","0,57%"
"23.12.2020","38,70","38,20","38,90","38,15","5,00M","1,30%"
"22.12.2020","38,20","38,95","39,29","37,78","5,78M","-1,80%"
"21.12.2020","38,90","39,18","39,87","38,52","6,37M","-2,58%"
"18.12.2020","39,93","40,22","41,18","39,52","10,54M","-0,68%"
"17.12.2020","40,20","40,75","41,02","40,03","4,00M","-1,75%"
"16.12.2020","40,92","40,86","41,09","40,13","5,50M","0,63%"
"15.12.2020","40,66","39,76","41,28","39,17","6,99M","2,18%"
"14.12.2020","39,80","39,42","40,41","39,22","5,13M","0,96%"
"11.12.2020","39,42","38,48","39,45","38,09","8,10M","1,83%"
"10.12.2020","38,71","39,39","39,53","38,06","10,27M","-1,64%"
"09.12.2020","39,36","39,44","39,80","38,63","5,70M","-0,20%"
"08.12.2020","39,44","39,48","40,09","38,81","10,28M","-0,87%"
"07.12.2020","39,78","40,47","40,63","38,83","5,93M","-1,70%"
"04.12.2020","40,47","40,97","41,38","40,03","6,33M","-1,25%"
"03.12.2020","40,98","40,88","41,46","40,44","11,47M","0,76%"
"02.12.2020","40,67","39,82","40,88","39,78","5,21M","2,47%"
"01.12.2020","39,69","39,97","40,08","39,07","6,54M","0,54%"
"30.11.2020","39,48","40,91","41,36","39,20","12,41M","-3,60%"
"27.11.2020","40,96","40,74","41,61","40,29","3,40M","0,78%"
"26.11.2020","40,64","40,89","41,16","40,40","3,35M","-0,88%"
"25.11.2020","41,00","40,26","41,31","40,26","5,61M","0,72%"
"24.11.2020","40,71","40,47","41,20","39,69","6,09M","1,08%"
"23.11.2020","40,28","40,49","40,59","39,44","5,07M","0,31%"
"20.11.2020","40,15","41,49","41,66","39,94","6,49M","-3,20%"
"19.11.2020","41,48","41,63","41,80","40,72","6,55M","-0,38%"
"18.11.2020","41,64","43,10","43,39","41,53","9,08M","-3,54%"
"17.11.2020","43,17","41,86","43,55","41,11","10,63M","2,84%"
"16.11.2020","41,97","41,07","42,20","39,76","7,53M","4,01%"
"13.11.2020","40,36","40,63","40,63","39,19","8,25M","0,64%"
"12.11.2020","40,10","41,42","41,82","39,59","9,14M","-3,20%"
"11.11.2020","41,42","42,15","42,75","41,16","9,76M","-3,38%"
"10.11.2020","42,87","42,22","44,09","42,22","22,33M","1,13%"
"09.11.2020","42,40","39,76","42,46","39,24","45,66M","14,51%"
"06.11.2020","37,02","36,43","37,02","35,39","10,16M","-1,53%"
"05.11.2020","37,60","36,37","37,60","36,37","8,67M","4,55%"
"04.11.2020","35,96","34,13","36,00","34,13","6,45M","6,96%"
"03.11.2020","33,62","33,83","34,66","33,46","6,31M","1,60%"
"30.10.2020","33,09","34,99","35,00","32,91","10,76M","-5,48%"
"29.10.2020","35,01","34,61","35,41","34,11","4,88M","-0,15%"
"28.10.2020","35,06","35,61","35,74","34,89","6,12M","-2,96%"
"27.10.2020","36,13","36,48","36,91","36,13","4,40M","-0,73%"
"26.10.2020","36,40","36,23","36,65","35,96","3,83M","0,54%"
"23.10.2020","36,20","35,88","36,55","35,53","4,86M","0,47%"
"22.10.2020","36,03","35,85","36,12","35,44","6,78M","0,69%"
"21.10.2020","35,79","36,49","36,97","35,79","6,49M","-2,48%"
"20.10.2020","36,70","37,17","38,09","36,70","7,99M","-0,76%"
"19.10.2020","36,98","35,83","37,15","35,68","8,49M","3,77%"
"16.10.2020","35,64","35,04","35,86","34,89","9,34M","1,59%"
"15.10.2020","35,08","34,13","35,13","34,02","5,42M","1,40%"
"14.10.2020","34,59","35,42","35,46","34,22","8,30M","-1,78%"
"13.10.2020","35,22","34,81","35,86","34,48","7,71M","1,66%"
"09.10.2020","34,65","35,01","35,56","34,59","5,14M","-1,75%"
"08.10.2020","35,27","35,26","35,37","34,75","5,08M","0,66%"
"07.10.2020","35,04","35,56","35,86","34,59","8,13M","-1,37%"
"06.10.2020","35,52","35,94","36,39","35,27","12,74M","0,22%"
"05.10.2020","35,44","35,02","35,75","34,87","17,92M","0,85%"
"02.10.2020","35,14","35,65","36,18","35,12","7,67M","-2,36%"
"01.10.2020","35,99","35,11","36,21","34,78","6,62M","2,72%"
"30.09.2020","35,04","34,38","35,11","34,05","8,14M","2,19%"
"29.09.2020","34,28","34,13","34,66","33,80","11,01M","0,31%"
"28.09.2020","34,18","35,40","35,62","33,60","8,01M","-2,86%"
"25.09.2020","35,19","35,43","35,52","34,74","9,45M","-1,02%"
"24.09.2020","35,55","35,50","35,86","35,18","12,89M","0,47%"
"23.09.2020","35,38","36,94","37,25","35,38","9,77M","-4,39%"
"22.09.2020","37,00","36,60","37,26","36,13","9,98M","1,23%"
"21.09.2020","36,55","36,93","36,93","35,51","14,17M","-1,87%"
"18.09.2020","37,25","38,86","39,22","37,25","11,36M","-4,97%"
"17.09.2020","39,20","38,99","39,31","38,63","5,42M","-0,69%"
"16.09.2020","39,47","39,23","39,73","38,64","12,07M","1,13%"
"15.09.2020","39,03","39,81","39,98","38,54","7,14M","-1,60%"
"14.09.2020","39,67","38,34","40,02","38,23","10,40M","4,36%"
"11.09.2020","38,01","39,18","39,68","37,57","10,68M","-2,20%"
"10.09.2020","38,86","40,67","41,62","38,66","9,83M","-4,42%"
"09.09.2020","40,66","40,72","41,34","40,41","4,80M","-0,13%"
"08.09.2020","40,72","40,13","41,17","39,90","7,23M","-0,28%"
"04.09.2020","40,83","40,70","41,18","39,38","9,98M","1,34%"
"03.09.2020","40,29","40,30","41,39","39,70","12,58M","0,24%"
"02.09.2020","40,20","40,27","40,72","39,76","4,66M","0,24%"
"01.09.2020","40,10","39,15","40,61","38,57","16,52M","4,60%"
"31.08.2020","38,33","38,18","39,06","37,76","10,99M","-0,57%"
"28.08.2020","38,56","38,06","38,69","37,39","6,63M","2,41%"
"27.08.2020","37,65","37,92","38,48","37,32","7,55M","-0,72%"
"26.08.2020","37,92","38,54","38,89","37,21","10,77M","-1,80%"
"25.08.2020","38,62","37,02","38,70","36,95","14,97M","4,29%"
"24.08.2020","37,03","37,39","37,62","36,83","8,54M","0,05%"
"21.08.2020","37,01","35,98","37,24","35,72","10,65M","2,07%"
"20.08.2020","36,26","34,91","36,54","34,00","16,51M","3,42%"
"19.08.2020","35,06","36,76","36,76","34,81","11,46M","-3,75%"
"18.08.2020","36,43","36,41","36,85","35,77","4,80M","1,80%"
"17.08.2020","35,79","36,59","36,60","34,85","14,01M","-2,48%"
"14.08.2020","36,69","36,31","36,95","35,80","4,76M","2,39%"
"13.08.2020","35,84","37,25","37,71","35,80","6,83M","-2,89%"
"12.08.2020","36,91","37,77","38,21","36,02","9,76M","-1,51%"
"11.08.2020","37,47","37,88","38,05","37,03","25,09M","-0,38%"
"10.08.2020","37,61","38,14","38,24","37,14","13,32M","-1,32%"
"07.08.2020","38,11","37,04","38,36","36,94","9,24M","0,86%"
"06.08.2020","37,79","35,89","38,13","35,87","11,14M","5,18%"
"05.08.2020","35,93","35,27","36,15","35,24","5,61M","3,19%"
"04.08.2020","34,82","35,87","36,39","34,45","11,98M","-3,28%"
"03.08.2020","36,00","36,26","36,66","35,57","7,64M","-0,75%"
"31.07.2020","36,27","36,53","36,74","35,36","6,94M","-0,63%"
"30.07.2020","36,50","36,42","36,97","35,94","4,79M","-0,74%"
"29.07.2020","36,77","35,41","37,23","35,41","8,88M","3,86%"
"28.07.2020","35,41","35,36","35,75","35,01","5,79M","0,38%"
"27.07.2020","35,27","36,33","36,73","35,20","6,00M","-2,91%"
"24.07.2020","36,33","36,00","36,45","34,60","7,09M","0,32%"
"23.07.2020","36,22","37,64","37,96","35,82","7,83M","-3,77%"
"22.07.2020","37,64","37,22","38,13","36,95","4,60M","-9,94%"
"21.07.2020","41,79","42,24","42,82","41,62","4,93M","-1,05%"
"20.07.2020","42,24","41,49","42,24","41,20","4,35M","1,18%"
"17.07.2020","41,74","41,30","42,28","41,16","6,80M","1,71%"
"16.07.2020","41,04","40,92","41,46","39,78","7,85M","-0,10%"
"15.07.2020","41,08","41,98","42,40","40,95","7,92M","-0,79%"
"14.07.2020","41,41","42,21","42,21","40,84","8,57M","-2,01%"
"13.07.2020","42,26","44,21","44,26","41,86","8,01M","-3,69%"
"10.07.2020","43,88","43,47","44,41","43,23","3,95M","0,68%"
"09.07.2020","43,58","42,93","44,20","42,58","5,54M","1,17%"
"08.07.2020","43,08","42,54","43,96","42,54","7,35M","2,01%"
"07.07.2020","42,23","41,74","42,77","41,71","5,87M","0,52%"
"06.07.2020","42,01","41,14","42,59","40,59","8,01M","3,71%"
"03.07.2020","40,51","40,90","41,31","40,22","4,26M","-1,11%"
"02.07.2020","40,96","41,47","41,78","40,13","7,29M","0,07%"
"01.07.2020","40,93","41,31","41,97","40,82","6,02M","-0,89%"
"30.06.2020","41,30","40,32","42,12","40,26","6,50M","1,46%"
"29.06.2020","40,70","40,58","40,74","39,63","5,62M","1,48%"
"26.06.2020","40,11","40,28","40,50","39,32","9,11M","-0,51%"
"25.06.2020","40,32","40,52","41,42","39,97","6,94M","-0,58%"
"24.06.2020","40,56","40,89","41,72","39,83","6,38M","-1,79%"
"23.06.2020","41,30","42,52","42,81","41,03","8,95M","-2,49%"
"22.06.2020","42,35","43,23","43,77","41,81","5,27M","-2,21%"
"19.06.2020","43,31","43,05","43,80","42,53","9,50M","2,02%"
"18.06.2020","42,45","42,31","44,11","41,93","6,19M","-0,83%"
"17.06.2020","42,81","41,44","43,66","41,44","6,84M","3,93%"
"16.06.2020","41,19","43,17","43,67","41,19","7,10M","-0,88%"
"15.06.2020","41,55","40,69","42,47","39,79","10,50M","-1,98%"
"12.06.2020","42,39","41,82","43,22","40,83","10,68M","-2,10%"
"10.06.2020","43,30","45,67","45,93","42,89","7,59M","-4,19%"
"09.06.2020","45,19","44,89","45,45","43,93","7,53M","-0,84%"
"08.06.2020","45,58","46,06","47,38","44,81","10,39M","0,50%"
"05.06.2020","45,35","46,35","47,04","44,50","12,63M","3,19%"
"04.06.2020","43,95","43,84","44,82","42,92","8,46M","0,86%"
"03.06.2020","43,57","42,25","44,28","42,16","12,52M","4,87%"
"02.06.2020","41,55","41,12","41,80","40,46","10,03M","2,78%"
"01.06.2020","40,43","37,78","41,25","37,41","12,15M","6,33%"
"29.05.2020","38,02","38,28","38,66","37,15","18,62M","-1,23%"
"28.05.2020","38,50","38,96","39,16","38,11","8,88M","-1,91%"
"27.05.2020","39,24","38,45","39,26","37,05","11,53M","4,30%"
"26.05.2020","37,63","40,44","40,95","37,59","10,11M","-5,50%"
"25.05.2020","39,82","38,02","40,34","37,89","8,53M","8,03%"
"22.05.2020","36,86","38,07","38,94","36,76","16,51M","-8,34%"
"21.05.2020","40,21","38,05","40,93","37,57","17,04M","6,50%"
"20.05.2020","37,76","36,24","38,16","36,07","10,97M","4,05%"
"19.05.2020","36,29","36,88","37,97","35,83","13,88M","1,63%"
"18.05.2020","35,70","34,62","35,80","34,20","14,86M","8,32%"
"15.05.2020","32,96","32,51","34,12","31,86","12,48M","0,36%"
"14.05.2020","32,84","30,87","32,84","30,41","12,60M","4,78%"
"13.05.2020","31,34","32,35","33,40","31,27","10,30M","-3,93%"
"12.05.2020","32,63","33,03","33,95","32,05","14,28M","1,16%"
"11.05.2020","32,25","33,14","33,20","31,57","12,82M","-3,54%"
"08.05.2020","33,44","33,24","33,86","32,21","11,30M","1,77%"
"07.05.2020","32,85","35,47","35,72","32,28","18,82M","-6,51%"
"06.05.2020","35,14","35,98","36,39","34,50","9,77M","-1,98%"
"05.05.2020","35,85","37,48","37,96","35,70","5,87M","-2,31%"
"04.05.2020","36,70","36,48","37,08","35,44","7,35M","-3,07%"
"30.04.2020","37,86","39,45","39,82","37,29","10,13M","-5,33%"
"29.04.2020","39,99","40,57","40,84","39,69","7,55M","0,87%"
"28.04.2020","39,65","39,29","40,50","39,24","10,21M","4,04%"
"27.04.2020","38,11","37,86","38,40","36,44","11,41M","2,63%"
"24.04.2020","37,14","37,77","38,10","33,99","16,63M","-4,51%"
"23.04.2020","38,89","41,40","42,29","37,71","10,44M","-3,62%"
"22.04.2020","40,35","38,67","41,40","38,45","13,97M","4,95%"
"20.04.2020","38,45","35,97","39,12","35,74","9,35M","4,00%"
"17.04.2020","36,97","36,23","37,41","35,29","15,52M","5,19%"
"16.04.2020","35,14","35,59","36,60","34,87","15,29M","-0,28%"
"15.04.2020","35,24","35,00","36,77","34,61","15,01M","-0,86%"
"14.04.2020","35,55","36,04","38,10","35,55","13,73M","0,06%"
"13.04.2020","35,53","35,59","36,41","34,41","10,56M","-1,48%"
"09.04.2020","36,06","37,55","38,74","36,06","10,78M","-3,10%"
"08.04.2020","37,21","36,77","37,46","35,79","11,37M","2,03%"
"07.04.2020","36,48","37,46","37,86","35,64","17,58M","6,47%"
"06.04.2020","34,26","32,24","34,89","32,04","9,01M","12,24%"
"03.04.2020","30,52","31,45","31,65","28,80","9,31M","-3,67%"
"02.04.2020","31,68","31,76","33,85","30,96","8,21M","-0,34%"
"01.04.2020","31,79","31,55","32,14","30,19","9,36M","-3,90%"
"31.03.2020","33,08","35,00","35,68","32,27","9,11M","-5,97%"
"30.03.2020","35,18","35,49","37,07","34,79","7,77M","-0,86%"
"27.03.2020","35,49","35,79","37,26","35,02","9,89M","-6,95%"
"26.03.2020","38,14","35,14","39,93","34,64","9,24M","5,14%"
"25.03.2020","36,28","32,24","39,32","32,24","9,71M","11,55%"
"24.03.2020","32,52","32,83","35,97","32,32","16,11M","9,97%"
"23.03.2020","29,57","33,12","33,12","28,43","17,03M","-12,82%"
"20.03.2020","33,92","36,48","37,20","32,19","19,60M","-6,31%"
"19.03.2020","36,21","29,03","36,25","28,29","17,17M","15,00%"
"18.03.2020","31,48","33,45","34,44","25,89","24,02M","-16,97%"
"17.03.2020","37,92","37,44","40,59","35,28","17,68M","4,44%"
"16.03.2020","36,30","38,37","40,62","33,93","14,19M","-21,12%"
"13.03.2020","46,02","50,18","50,18","41,55","13,07M","8,26%"
"12.03.2020","42,51","39,35","43,22","37,74","10,98M","-8,24%"
"11.03.2020","46,33","47,23","49,44","43,38","8,36M","-6,29%"
"10.03.2020","49,44","47,32","49,44","45,62","12,03M","9,24%"
"09.03.2020","45,26","47,96","47,96","44,40","8,79M","-9,41%"
"06.03.2020","49,96","48,21","50,69","47,22","10,41M","-1,97%"
"05.03.2020","50,96","53,03","53,62","49,70","5,95M","-5,04%"
"04.03.2020","53,67","53,14","54,07","52,27","5,75M","2,29%"
"03.03.2020","52,47","51,65","53,80","51,34","6,04M","0,62%"
"02.03.2020","52,14","52,14","52,89","50,86","8,53M","-0,56%"
"28.02.2020","52,44","49,68","52,44","48,25","11,01M","4,41%"
"27.02.2020","50,23","51,01","52,16","49,70","9,64M","-3,04%"
"26.02.2020","51,80","51,37","52,62","50,69","7,45M","-5,98%"
"21.02.2020","55,10","54,11","55,37","53,89","3,87M","0,85%"
"20.02.2020","54,63","55,19","55,85","54,27","3,87M","-1,73%"
"19.02.2020","55,60","55,45","56,13","55,18","2,56M","-0,60%"
"18.02.2020","55,93","56,08","56,33","55,35","3,23M","-0,61%"
"17.02.2020","56,28","55,73","56,37","55,38","1,48M","1,33%"
"14.02.2020","55,54","56,61","56,61","54,75","3,06M","-1,50%"
"13.02.2020","56,38","55,34","56,57","54,61","3,89M","1,17%"
"12.02.2020","55,73","55,80","56,78","54,75","6,30M","0,28%"
"11.02.2020","55,58","54,31","55,84","53,68","4,42M","2,78%"
"10.02.2020","54,07","54,65","55,28","53,07","6,06M","-1,10%"
"07.02.2020","54,67","55,57","55,90","54,33","8,89M","0,63%"
"06.02.2020","54,33","56,57","57,06","54,33","8,13M","-3,46%"
"05.02.2020","56,28","56,67","57,16","55,45","14,13M","0,53%"
"04.02.2020","55,98","57,75","57,75","55,98","8,13M","-1,52%"
"03.02.2020","56,85","56,52","57,31","56,48","3,33M","0,57%"
"31.01.2020","56,52","58,05","58,07","56,01","8,44M","-2,96%"
"30.01.2020","58,24","58,48","58,51","56,77","5,14M","-1,33%"
"29.01.2020","59,03","59,21","59,51","58,37","2,50M","0,55%"
"28.01.2020","58,71","57,75","59,28","57,56","2,98M","1,34%"
"27.01.2020","57,93","58,54","58,54","57,46","3,04M","-2,14%"
"24.01.2020","59,20","59,86","59,92","59,10","2,91M","-1,15%"
"23.01.2020","59,89","57,75","59,89","57,28","3,89M","1,70%"
"22.01.2020","58,88","58,33","59,27","58,14","2,66M","1,53%"
"21.01.2020","58,00","58,16","58,53","57,61","4,91M","-0,92%"
"20.01.2020","58,54","58,05","58,84","57,53","3,08M","0,47%"
"17.01.2020","58,26","57,06","58,26","56,54","3,49M","2,62%"
"16.01.2020","56,78","56,67","57,21","55,73","2,85M","0,80%"
"15.01.2020","56,33","56,70","56,78","55,61","4,06M","-0,66%"
"14.01.2020","56,70","57,51","57,70","55,84","5,57M","-1,27%"
"13.01.2020","57,43","56,42","57,43","56,39","3,70M","2,17%"
"10.01.2020","56,21","56,04","57,04","55,88","5,04M","0,32%"
"09.01.2020","56,03","56,57","57,06","55,77","3,74M","-0,77%"
"08.01.2020","56,46","56,08","56,56","55,83","4,18M","0,65%"
"07.01.2020","56,10","55,98","56,23","55,26","3,43M","-0,05%"
"06.01.2020","56,13","56,07","56,79","55,51","3,76M","-0,09%"
"03.01.2020","56,18","56,08","57,26","55,65","4,21M","-0,70%"
"02.01.2020","56,57","55,80","56,69","55,50","2,99M","2,33%"
"30.12.2019","55,28","55,19","55,77","54,72","3,14M","0,16%"
"27.12.2019","55,19","56,08","56,18","55,12","3,45M","-1,35%"
"26.12.2019","55,95","55,00","56,16","55,00","2,38M","1,51%"
"23.12.2019","55,12","54,68","55,41","54,48","2,59M","0,70%"
"20.12.2019","54,73","54,62","54,73","53,94","5,11M","0,13%"
"19.12.2019","54,67","54,04","54,79","53,71","3,58M","0,98%"
"18.12.2019","54,14","53,35","54,14","52,91","7,26M","1,77%"
"17.12.2019","53,19","53,50","53,80","52,47","5,63M","-0,57%"
"16.12.2019","53,50","53,49","53,63","52,64","4,36M","0,37%"
"13.12.2019","53,30","53,16","53,64","52,52","3,79M","0,37%"
"12.12.2019","53,10","52,47","53,11","52,25","3,23M","1,14%"
"11.12.2019","52,50","51,79","52,50","51,40","3,11M","1,38%"
"10.12.2019","51,79","51,88","52,03","51,36","2,55M","-0,36%"
"09.12.2019","51,97","53,21","53,21","51,58","4,74M","-2,33%"
"06.12.2019","53,21","51,68","53,32","51,68","4,11M","2,23%"
"05.12.2019","52,05","51,97","52,17","51,26","2,19M","0,15%"
"04.12.2019","51,97","51,79","52,43","51,64","3,13M","0,49%"
"03.12.2019","51,72","51,48","51,72","50,70","2,45M","0,46%"
"02.12.2019","51,48","51,47","51,75","50,85","3,68M","1,16%"
"29.11.2019","50,89","50,84","51,09","50,40","2,70M","0,06%"
"28.11.2019","50,86","50,27","50,86","49,96","1,57M","1,19%"
"27.11.2019","50,26","49,77","50,32","49,22","3,18M","0,29%"
"26.11.2019","50,12","50,09","50,12","48,87","6,07M","-0,57%"
"25.11.2019","50,40","50,68","50,83","50,08","2,68M","-0,02%"
"22.11.2019","50,41","50,21","50,67","49,64","4,28M","0,49%"
"21.11.2019","50,17","50,02","50,88","49,27","4,20M","0,95%"
"19.11.2019","49,69","49,97","50,43","49,12","2,92M","-0,96%"
"18.11.2019","50,18","50,60","51,40","49,77","3,91M","-1,22%"
"14.11.2019","50,79","48,43","50,79","48,25","4,73M","4,89%"
"13.11.2019","48,43","48,57","48,57","47,41","5,73M","-0,44%"
"12.11.2019","48,64","49,62","49,62","48,17","4,52M","-2,06%"
"11.11.2019","49,66","48,06","49,66","47,99","3,46M","3,33%"
"08.11.2019","48,06","48,95","49,20","47,83","5,42M","-2,53%"
"07.11.2019","49,31","49,86","49,91","49,10","4,22M","-0,40%"
"06.11.2019","49,51","48,48","49,54","48,26","3,33M","1,76%"
"05.11.2019","48,65","50,55","50,55","48,54","6,17M","-3,00%"
"04.11.2019","50,16","50,59","50,93","49,46","2,44M","-1,20%"
"01.11.2019","50,77","50,11","50,77","49,57","3,24M","1,81%"
"31.10.2019","49,86","48,91","50,11","48,69","3,58M","0,93%"
"30.10.2019","49,40","49,08","49,40","48,52","6,16M","0,14%"
"29.10.2019","49,33","49,12","49,33","48,65","2,50M","0,32%"
"28.10.2019","49,17","49,92","49,96","48,81","3,06M","-0,89%"
"25.10.2019","49,62","48,24","49,62","48,15","8,03M","2,50%"
"24.10.2019","48,41","50,20","50,33","48,23","11,13M","-3,56%"
"23.10.2019","50,20","50,99","50,99","49,85","3,80M","-1,58%"
"22.10.2019","51,00","50,97","51,80","50,65","2,83M","-0,35%"
"21.10.2019","51,18","50,81","51,18","50,16","1,68M","1,54%"
"18.10.2019","50,40","50,86","51,24","50,29","3,43M","-0,91%"
"17.10.2019","50,86","50,91","51,66","50,55","2,01M","-0,12%"
"16.10.2019","50,92","50,48","50,92","49,68","4,29M","1,03%"
"15.10.2019","50,40","49,81","50,51","49,39","2,75M","1,12%"
"14.10.2019","49,84","49,12","49,95","48,99","2,71M","0,87%"
"11.10.2019","49,41","48,09","50,27","48,03","5,68M","3,50%"
"10.10.2019","47,74","48,30","48,54","47,45","2,42M","-0,69%"
"09.10.2019","48,07","48,13","48,29","47,47","3,26M","1,05%"
"08.10.2019","47,57","47,55","48,21","46,81","3,25M","0,04%"
"07.10.2019","47,55","47,73","48,54","47,06","3,74M","-1,14%"
"04.10.2019","48,10","47,93","48,54","47,32","4,81M","0,37%"
"03.10.2019","47,93","47,91","48,25","46,88","2,99M","0,56%"
"02.10.2019","47,66","49,14","49,35","47,66","2,97M","-3,92%"
"01.10.2019","49,61","49,63","49,79","48,65","2,40M","0,04%"
"30.09.2019","49,59","49,46","49,80","49,04","3,16M","0,58%"
"27.09.2019","49,30","49,12","49,79","48,88","2,71M","0,22%"
"26.09.2019","49,19","48,73","49,26","48,33","2,47M","1,21%"
"25.09.2019","48,60","48,65","48,65","47,45","3,07M","0,10%"
"24.09.2019","48,56","48,85","48,85","47,91","2,69M","0,10%"
"23.09.2019","48,51","49,23","49,29","48,36","1,84M","-1,30%"
"20.09.2019","49,14","49,05","49,60","48,67","6,26M","-1,11%"
"19.09.2019","49,69","49,29","50,37","49,11","4,92M","1,93%"
"18.09.2019","48,75","48,73","48,89","48,02","2,47M","0,55%"
"17.09.2019","48,49","47,79","48,64","47,60","4,58M","1,50%"
"16.09.2019","47,77","48,07","48,39","47,21","4,25M","-0,20%"
"13.09.2019","47,87","49,40","49,40","47,59","4,07M","-3,00%"
"12.09.2019","49,35","50,27","50,84","49,07","3,86M","-1,41%"
"11.09.2019","50,06","49,73","50,06","49,14","4,97M","3,20%"
"10.09.2019","48,51","48,26","48,51","47,38","3,75M","-0,08%"
"09.09.2019","48,55","49,09","49,15","47,87","4,11M","-0,96%"
"06.09.2019","49,02","49,44","49,66","48,61","1,89M","-0,56%"
"05.09.2019","49,29","49,64","50,01","48,99","3,32M","-0,53%"
"04.09.2019","49,56","49,34","49,56","48,53","2,14M","1,55%"
"03.09.2019","48,80","49,08","50,47","48,35","2,34M","-1,17%"
"02.09.2019","49,38","49,98","50,26","49,08","1,32M","-0,42%"
"30.08.2019","49,59","49,37","50,17","49,12","4,68M","0,74%"
"29.08.2019","49,22","47,68","49,35","47,49","4,29M","3,23%"
"28.08.2019","47,68","46,12","47,81","45,84","2,92M","2,47%"
"27.08.2019","46,54","46,14","47,04","45,65","6,42M","10,90%"
"26.08.2019","41,96","42,93","43,10","41,65","3,07M","-2,08%"
"23.08.2019","42,85","43,52","43,71","42,14","5,42M","-2,06%"
"22.08.2019","43,75","44,69","44,73","43,30","5,70M","-2,13%"
"21.08.2019","44,70","44,60","44,76","43,81","2,98M","1,68%"
"20.08.2019","43,96","44,14","44,16","42,88","4,05M","-0,20%"
"19.08.2019","44,05","44,42","44,55","43,56","3,50M","-0,34%"
"16.08.2019","44,20","43,30","44,20","42,66","3,69M","2,77%"
"15.08.2019","43,01","43,32","43,83","42,26","5,89M","-0,55%"
"14.08.2019","43,25","44,25","44,36","43,09","5,55M","-3,48%"
"13.08.2019","44,81","44,19","45,00","43,79","3,20M","0,90%"
"12.08.2019","44,41","44,47","44,64","43,95","2,74M","-1,31%"
"09.08.2019","45,00","45,25","45,46","44,61","2,61M","-0,11%"
"08.08.2019","45,05","44,77","45,17","44,15","4,03M","0,94%"
"07.08.2019","44,63","44,84","44,90","43,86","5,77M","-0,69%"
"06.08.2019","44,94","43,42","45,29","43,30","7,96M","3,62%"
"05.08.2019","43,37","43,59","43,85","42,82","4,35M","-2,14%"
"02.08.2019","44,32","43,43","44,45","43,21","6,51M","1,79%"
"01.08.2019","43,54","42,63","44,28","42,55","9,71M","2,88%"
"31.07.2019","42,32","41,73","42,80","41,47","13,76M","-2,26%"
"30.07.2019","43,30","43,15","43,64","42,52","6,51M","0,23%"
"29.07.2019","43,20","42,36","43,20","41,78","3,64M","2,27%"
"26.07.2019","42,24","41,02","42,53","40,88","5,04M","2,75%"
"25.07.2019","41,11","41,70","41,83","40,82","6,37M","-1,32%"
"24.07.2019","41,66","41,61","42,24","41,36","2,93M","0,36%"
"23.07.2019","41,51","42,40","42,45","41,39","2,94M","-2,10%"
"22.07.2019","42,40","42,02","42,53","41,78","4,40M","0,83%"
"19.07.2019","42,05","43,07","43,42","42,05","5,33M","-2,98%"
"18.07.2019","43,34","43,25","43,53","42,80","3,30M","0,72%"
"17.07.2019","43,03","42,80","43,72","42,80","4,86M","0,54%"
"16.07.2019","42,80","42,76","43,00","42,40","2,17M","0,33%"
"15.07.2019","42,66","42,64","42,79","42,01","3,04M","0,64%"
"12.07.2019","42,39","43,68","43,68","42,18","2,66M","-1,90%"
"11.07.2019","43,21","43,70","44,10","42,83","2,86M","-0,78%"
"10.07.2019","43,55","42,80","44,20","42,30","8,45M","1,59%"
"08.07.2019","42,87","43,61","43,67","42,85","3,73M","-0,88%"
"05.07.2019","43,25","42,19","43,32","42,19","3,44M","1,67%"
"04.07.2019","42,54","42,45","42,85","41,94","2,47M","1,26%"
"03.07.2019","42,01","41,15","42,47","41,14","2,80M","0,84%"
"02.07.2019","41,66","41,51","41,89","41,28","2,85M","0,63%"
"01.07.2019","41,40","42,35","42,35","41,16","4,59M","-1,57%"
"28.06.2019","42,06","41,89","42,29","41,51","3,43M","0,65%"
"27.06.2019","41,79","41,60","42,06","40,81","3,37M","0,48%"
"26.06.2019","41,59","41,29","41,90","41,29","3,96M","1,04%"
"25.06.2019","41,16","42,11","42,21","41,16","3,09M","-2,46%"
"24.06.2019","42,20","41,84","42,20","41,24","3,10M","0,91%"
"21.06.2019","41,82","42,42","42,67","41,36","7,79M","-1,83%"
"19.06.2019","42,60","41,61","42,60","40,78","3,84M","2,90%"
"18.06.2019","41,40","41,40","42,40","41,08","6,53M","0,56%"
"17.06.2019","41,17","40,81","41,40","40,65","6,86M","0,88%"
"14.06.2019","40,81","40,86","41,09","39,94","3,55M","0,20%"
"13.06.2019","40,73","41,12","41,76","40,59","7,83M","0,77%"
"12.06.2019","40,42","40,20","41,17","39,97","5,97M","0,30%"
"11.06.2019","40,30","39,71","40,37","39,51","3,65M","1,10%"
"10.06.2019","39,86","39,17","39,96","39,12","2,29M","0,94%"
"07.06.2019","39,49","38,53","39,79","38,02","3,65M","2,92%"
"06.06.2019","38,37","38,46","38,59","37,46","4,27M","1,00%"
"05.06.2019","37,99","38,80","38,84","37,59","3,61M","-1,35%"
"04.06.2019","38,51","39,35","39,51","38,42","3,96M","-1,46%"
"03.06.2019","39,08","39,17","39,57","38,57","3,38M","-0,33%"
"31.05.2019","39,21","39,04","39,57","38,69","4,47M","0,20%"
"30.05.2019","39,13","38,37","39,16","38,01","5,33M","1,98%"
"29.05.2019","38,37","38,27","39,34","37,92","5,35M","0,08%"
"28.05.2019","38,34","37,19","38,45","37,08","8,17M","3,57%"
"27.05.2019","37,02","36,68","37,22","36,33","2,74M","1,42%"
"24.05.2019","36,50","37,23","37,36","35,98","3,18M","-0,76%"
"23.05.2019","36,78","36,94","37,61","36,67","3,32M","-0,30%"
"22.05.2019","36,89","37,39","37,84","36,73","3,77M","-1,34%"
"21.05.2019","37,39","36,50","37,76","36,32","3,94M","2,75%"
"20.05.2019","36,39","34,86","36,59","34,86","4,05M","3,73%"
"17.05.2019","35,08","35,03","36,22","34,72","3,41M","-0,74%"
"16.05.2019","35,34","35,57","35,74","35,04","4,44M","-2,48%"
"15.05.2019","36,24","35,50","36,29","34,81","4,35M","1,65%"
"14.05.2019","35,65","36,06","36,18","35,49","3,27M","-1,00%"
"13.05.2019","36,01","35,97","36,32","35,48","4,25M","-2,31%"
"10.05.2019","36,86","36,86","37,11","36,20","2,50M","0,74%"
"09.05.2019","36,59","37,23","37,60","36,44","4,65M","-2,58%"
"08.05.2019","37,56","36,70","38,08","36,69","5,55M","2,32%"
"07.05.2019","36,71","36,14","37,05","35,80","7,06M","0,66%"
"06.05.2019","36,47","36,41","36,59","36,08","2,93M","-0,82%"
"03.05.2019","36,77","37,14","37,43","36,77","3,48M","-0,62%"
"02.05.2019","37,00","37,94","38,10","36,78","4,65M","-2,48%"
"30.04.2019","37,94","37,67","37,94","36,86","6,91M","0,72%"
"29.04.2019","37,67","37,68","37,95","37,08","3,60M","0,64%"
"26.04.2019","37,43","37,83","38,28","37,04","8,74M","0,86%"
"25.04.2019","37,11","34,74","37,11","34,74","7,82M","5,79%"
"24.04.2019","35,08","35,26","35,29","34,45","8,48M","-0,82%"
"23.04.2019","35,37","35,24","36,01","35,17","4,13M","0,00%"
"22.04.2019","35,37","33,99","35,50","33,07","5,04M","2,20%"
"18.04.2019","34,61","32,89","34,80","32,83","5,12M","5,20%"
"17.04.2019","32,90","33,03","33,23","32,43","6,01M","-0,93%"
"16.04.2019","33,21","32,99","33,55","32,87","3,19M","-0,06%"
"15.04.2019","33,23","33,77","33,77","32,89","2,20M","-0,63%"
"12.04.2019","33,44","33,49","33,74","32,66","6,14M","-0,80%"
"11.04.2019","33,71","34,26","34,26","33,49","3,32M","-1,86%"
"10.04.2019","34,35","34,22","34,57","34,12","4,71M","0,35%"
"09.04.2019","34,23","34,31","34,71","33,82","3,10M","-0,61%"
"08.04.2019","34,44","35,26","35,30","34,18","4,59M","-2,71%"
"05.04.2019","35,40","35,57","35,75","35,13","2,25M","0,00%"
"04.04.2019","35,40","34,79","35,56","34,72","3,61M","1,84%"
"03.04.2019","34,76","35,20","35,75","34,51","7,28M","-0,14%"
"02.04.2019","34,81","35,58","35,58","34,23","3,35M","-1,19%"
"01.04.2019","35,23","35,57","35,63","34,93","4,63M","-0,03%"
"29.03.2019","35,24","34,35","35,24","34,01","5,79M","3,56%"
"28.03.2019","34,03","32,90","34,35","32,70","6,76M","3,15%"
"27.03.2019","32,99","33,47","33,94","32,68","6,24M","-3,08%"
"26.03.2019","34,04","34,02","34,14","33,33","6,94M","0,68%"
"25.03.2019","33,81","33,65","34,39","33,65","3,14M","-1,46%"
"22.03.2019","34,31","34,18","34,61","33,63","3,91M","-0,75%"
"21.03.2019","34,57","35,27","35,32","34,22","4,19M","-2,12%"
"20.03.2019","35,32","35,52","35,97","34,98","3,51M","-1,01%"
"19.03.2019","35,68","35,81","36,08","35,45","3,55M","-0,31%"
"18.03.2019","35,79","35,46","36,18","35,03","3,48M","1,33%"
"15.03.2019","35,32","35,53","35,87","35,07","4,77M","-0,45%"
"14.03.2019","35,48","35,56","35,65","35,17","2,47M","-0,37%"
"13.03.2019","35,61","35,98","36,25","35,24","15,28M","-1,77%"
"12.03.2019","36,25","36,63","36,63","35,73","2,39M","-1,04%"
"11.03.2019","36,63","35,24","36,78","35,13","3,08M","4,03%"
"08.03.2019","35,21","34,22","35,49","33,65","3,25M","2,44%"
"07.03.2019","34,37","34,80","34,89","34,16","6,09M","-1,55%"
"06.03.2019","34,91","35,28","35,28","34,13","2,65M","0,34%"
"01.03.2019","34,79","34,99","35,24","34,24","5,14M","0,12%"
"28.02.2019","34,75","35,21","35,58","34,68","4,26M","-1,73%"
"27.02.2019","35,36","35,57","35,64","34,71","4,76M","-0,79%"
"26.02.2019","35,64","35,41","35,85","35,34","2,02M","0,00%"
"25.02.2019","35,64","35,97","36,30","35,40","2,19M","-0,70%"
"22.02.2019","35,89","35,18","35,92","34,56","2,50M","3,25%"
"21.02.2019","34,76","35,00","35,39","34,41","2,81M","-0,23%"
"20.02.2019","34,84","35,81","36,08","34,68","4,12M","-2,71%"
"19.02.2019","35,81","35,64","36,00","34,91","4,54M","0,82%"
"18.02.2019","35,52","35,44","35,62","34,71","1,83M","0,23%"
"15.02.2019","35,44","35,81","35,87","35,28","4,61M","-1,14%"
"14.02.2019","35,85","35,09","35,97","34,05","7,18M","2,66%"
"13.02.2019","34,92","36,09","36,09","34,61","5,30M","-2,59%"
"12.02.2019","35,85","35,11","36,13","34,54","6,58M","3,85%"
"11.02.2019","34,52","34,93","35,11","34,23","4,20M","-1,15%"
"08.02.2019","34,92","35,36","35,49","34,20","10,73M","0,34%"
"07.02.2019","34,80","35,16","35,56","34,16","7,91M","0,32%"
"06.02.2019","34,69","36,25","36,25","34,69","5,71M","-4,96%"
"05.02.2019","36,50","36,75","37,04","36,35","2,68M","-1,16%"
"04.02.2019","36,93","36,66","37,17","36,12","3,21M","0,74%"
"01.02.2019","36,66","36,34","37,25","36,09","3,43M","0,36%"
"31.01.2019","36,53","36,49","37,12","35,97","5,72M","0,19%"
"30.01.2019","36,46","36,89","37,06","35,74","4,35M","-0,38%"
"29.01.2019","36,60","36,53","36,66","35,91","2,66M","0,72%"
"28.01.2019","36,34","35,68","36,42","35,15","4,58M","1,85%"
"24.01.2019","35,68","34,80","35,68","34,78","4,86M","2,91%"
"23.01.2019","34,67","34,25","35,10","34,13","4,31M","1,85%"
"22.01.2019","34,04","34,74","34,95","33,92","3,20M","-1,39%"
"21.01.2019","34,52","34,92","35,06","34,29","2,15M","-1,93%"
"18.01.2019","35,20","34,64","35,62","34,39","6,41M","1,38%"
"17.01.2019","34,72","33,53","35,11","33,53","6,88M","3,70%"
"16.01.2019","33,48","32,92","33,48","32,86","3,41M","2,23%"
"15.01.2019","32,75","32,96","33,48","32,73","11,29M","-0,37%"
"14.01.2019","32,87","33,56","34,01","32,51","7,00M","-1,85%"
"11.01.2019","33,49","34,25","34,28","33,49","3,66M","-2,22%"
"10.01.2019","34,25","34,24","34,65","33,95","4,25M","0,15%"
"09.01.2019","34,20","33,68","34,51","33,68","4,06M","2,15%"
"08.01.2019","33,48","32,70","33,54","32,40","6,52M","3,24%"
"07.01.2019","32,43","33,20","33,49","32,16","4,75M","-2,32%"
"04.01.2019","33,20","34,57","34,57","33,04","6,38M","-3,82%"
"03.01.2019","34,52","34,28","34,96","34,14","4,21M","-1,26%"
"02.01.2019","34,96","33,72","35,25","33,72","4,93M","2,70%"