"DATA","ABERTURA","FECHAMENTO","VARIAÇÃO","MÍNIMO","MÁXIMO","VOLUME"
"20/09/2024","52,52","52,34","-0,44","52,02","52,67","373,32M"
"19/09/2024","52,51","52,57","-0,06","52,39","52,90","272,04M"
"18/09/2024","53,02","52,60","-1,29","52,43","53,51","209,23M"
"17/09/2024","52,83","53,29","0,51","52,53","53,54","206,70M"
"16/09/2024","54,33","53,02","-2,34","52,83","54,43","239,08M"
"13/09/2024","54,39","54,29","-0,18","54,16","54,98","145,42M"
"12/09/2024","54,75","54,39","-1,32","54,20","55,31","191,46M"
"11/09/2024","55,17","55,12","-0,14","54,58","55,45","381,60M"
"10/09/2024","54,11","55,20","2,00","54,05","55,56","299,19M"
"09/09/2024","54,36","54,12","-0,46","54,01","54,65","160,32M"
"06/09/2024","55,10","54,37","-1,65","54,24","55,42","442,25M"
"05/09/2024","55,10","55,28","-0,18","54,51","55,47","262,47M"
"04/09/2024","54,91","55,38","1,45","54,60","55,99","259,81M"
"03/09/2024","54,73","54,59","-0,91","54,11","55,11","431,85M"
"02/09/2024","54,73","55,09","0,16","54,73","55,98","178,19M"
"30/08/2024","56,08","55,00","-0,90","54,73","55,91","566,68M"
"29/08/2024","56,08","55,50","-1,03","55,20","56,40","253,26M"
"28/08/2024","55,50","56,08","0,83","55,40","56,26","271,14M"
"27/08/2024","55,30","55,62","0,80","54,80","55,80","533,68M"
"26/08/2024","56,20","55,18","-1,60","55,06","56,38","339,77M"
"23/08/2024","56,41","56,08","-0,59","55,65","56,53","285,95M"
"22/08/2024","56,44","56,41","-0,09","56,01","57,09","232,97M"
"21/08/2024","56,07","56,46","1,06","56,02","56,92","264,72M"
"20/08/2024","55,10","55,87","1,51","54,88","56,13","282,62M"
"19/08/2024","54,48","55,04","1,16","54,41","55,30","253,99M"
"16/08/2024","53,51","54,41","1,55","53,50","54,50","391,49M"
"15/08/2024","54,97","53,58","-2,05","53,28","54,99","412,72M"
"14/08/2024","54,51","54,70","0,29","54,36","55,00","359,21M"
"13/08/2024","54,58","54,54","0,28","54,27","55,27","404,72M"
"12/08/2024","54,50","54,39","-0,20","53,81","54,93","359,37M"
"09/08/2024","55,23","54,50","1,68","54,01","55,69","957,28M"
"08/08/2024","51,90","53,60","2,68","51,72","54,08","392,29M"
"07/08/2024","51,79","52,20","0,60","51,33","52,77","320,35M"
"06/08/2024","52,86","51,89","-2,15","51,68","52,94","556,42M"
"05/08/2024","52,14","53,03","0,06","51,71","53,16","314,89M"
"02/08/2024","53,00","53,00","-1,49","52,89","54,06","439,78M"
"01/08/2024","53,74","53,80","-0,11","53,34","54,67","274,86M"
"31/07/2024","53,43","53,86","0,82","52,71","54,04","301,77M"
"30/07/2024","52,80","53,42","1,21","52,18","53,73","377,85M"
"29/07/2024","51,72","52,78","1,91","51,45","53,26","271,60M"
"26/07/2024","52,50","51,79","-1,30","51,67","52,56","741,20M"
"25/07/2024","53,21","52,47","-1,06","52,40","54,16","663,78M"
"24/07/2024","53,22","53,03","-0,15","52,73","53,47","298,56M"
"23/07/2024","53,14","53,11","-0,32","52,91","53,89","286,09M"
"22/07/2024","53,65","53,28","-0,60","52,72","53,94","387,99M"
"19/07/2024","54,11","53,60","-0,52","53,43","54,11","601,48M"
"18/07/2024","54,32","53,88","-0,54","53,68","54,66","313,90M"
"17/07/2024","53,91","54,17","0,02","53,86","54,92","280,98M"
"16/07/2024","54,50","54,16","-0,07","54,05","55,19","302,51M"
"15/07/2024","52,58","54,20","3,63","52,58","54,81","767,73M"
"12/07/2024","53,05","52,30","-1,34","52,04","53,56","355,88M"
"11/07/2024","52,55","53,01","1,07","52,28","53,37","224,72M"
"10/07/2024","52,95","52,45","-0,72","52,05","53,08","457,23M"
"09/07/2024","53,23","52,83","-0,73","52,60","53,59","1,08B"
"08/07/2024","54,62","53,22","-2,79","53,14","54,69","660,15M"
"05/07/2024","56,89","54,75","-3,95","54,56","56,89","947,22M"
"04/07/2024","57,73","57,00","-0,45","56,00","57,73","539,47M"
"03/07/2024","57,50","57,26","-0,59","56,37","58,10","922,56M"
"02/07/2024","57,17","57,60","-0,09","57,06","58,09","795,42M"
"01/07/2024","n/d","57,65","1,12","57,07","57,93","382,79M"
"28/06/2024","57,50","57,01","0,02","56,23","57,56","853,12M"
"27/06/2024","59,09","57,00","12,18","56,51","59,09","2,07B"
"26/06/2024","49,59","50,81","2,23","49,53","51,44","483,09M"
"25/06/2024","49,75","49,70","0,14","49,50","50,26","233,43M"
"24/06/2024","48,75","49,63","1,60","48,75","49,90","308,23M"
"21/06/2024","48,15","48,85","1,45","47,92","49,13","650,51M"
"20/06/2024","48,98","48,15","-1,19","48,04","49,24","253,18M"
"19/06/2024","48,21","48,73","0,89","47,86","48,73","472,99M"
"18/06/2024","48,64","48,30","-0,43","48,16","49,12","300,36M"
"17/06/2024","48,90","48,51","-0,94","48,35","48,98","193,33M"
"14/06/2024","48,70","48,97","0,41","48,08","49,18","270,12M"
"13/06/2024","49,10","48,77","-0,47","48,75","49,39","234,41M"
"12/06/2024","49,22","49,00","0,16","48,25","49,64","451,42M"
"11/06/2024","49,80","48,92","-1,55","48,87","49,80","264,06M"
"10/06/2024","48,61","49,69","2,14","48,16","49,94","368,38M"
"07/06/2024","48,69","48,65","4,31","48,12","50,12","512,49M"
"06/06/2024","46,70","48,35","3,67","46,45","48,55","534,17M"
"05/06/2024","46,85","46,64","-0,55","46,38","46,93","688,11M"
"04/06/2024","46,95","46,90","-0,45","46,18","47,10","435,55M"
"03/06/2024","48,70","47,11","-3,26","46,87","48,80","537,96M"
"31/05/2024","49,30","48,70","-1,18","48,63","49,60","511,97M"
"29/05/2024","48,93","49,28","0,41","48,51","49,70","251,03M"
"28/05/2024","49,50","49,08","0,16","48,91","49,67","294,02M"
"27/05/2024","49,48","49,00","0,12","48,65","49,48","143,59M"
"24/05/2024","49,59","48,94","-2,32","48,80","50,24","554,33M"
"23/05/2024","48,59","50,10","3,68","47,74","50,90","1,12B"
"22/05/2024","49,02","48,32","-1,69","48,10","49,22","512,66M"
"21/05/2024","50,49","49,15","-3,72","48,90","50,61","885,74M"
"20/05/2024","51,78","51,05","-0,78","51,05","52,59","643,79M"
"17/05/2024","51,37","51,45","0,16","50,96","51,72","543,83M"
"16/05/2024","50,83","51,37","1,64","50,54","51,78","673,53M"
"15/05/2024","49,83","50,54","1,36","49,71","51,08","1,45B"
"14/05/2024","50,99","49,86","-1,66","49,80","51,49","659,13M"
"13/05/2024","51,76","50,70","-1,93","50,12","51,84","856,91M"
"10/05/2024","51,05","51,70","-1,90","50,05","53,35","940,53M"
"09/05/2024","52,47","52,70","0,73","51,70","53,00","987,28M"
"08/05/2024","53,22","52,32","0,27","52,25","54,23","4,55B"
"07/05/2024","59,43","52,18","-12,27","51,56","59,95","2,91B"
"06/05/2024","59,25","59,48","0,52","58,88","59,81","173,07M"
"03/05/2024","59,21","59,17","0,27","58,61","59,22","220,63M"
"02/05/2024","59,04","59,01","0,94","58,50","59,40","239,92M"
"30/04/2024","58,92","58,46","-0,75","58,10","59,21","433,25M"
"29/04/2024","59,58","58,90","-1,14","58,55","59,66","339,90M"
"26/04/2024","60,10","59,58","-0,53","59,46","60,67","237,55M"
"25/04/2024","60,18","59,90","-1,09","59,78","60,93","302,92M"
"24/04/2024","60,29","60,56","0,73","59,91","60,56","267,23M"
"23/04/2024","60,36","60,12","-0,71","59,93","60,59","283,24M"
"22/04/2024","61,43","60,55","-1,08","60,55","61,86","290,53M"
"19/04/2024","60,75","61,21","0,76","60,41","61,60","361,88M"
"18/04/2024","60,81","60,75","-0,10","60,23","61,03","242,12M"
"17/04/2024","61,25","60,81","-0,88","60,64","61,77","302,45M"
"16/04/2024","60,47","61,35","0,49","60,20","62,20","538,76M"
"15/04/2024","61,20","61,05","-0,25","60,40","61,80","485,62M"
"12/04/2024","61,21","61,20","-0,02","60,73","61,84","341,80M"
"11/04/2024","61,22","61,21","-0,89","61,02","61,65","381,31M"
"10/04/2024","62,29","61,76","-0,85","61,22","62,78","428,50M"
"09/04/2024","62,60","62,29","-0,50","61,67","63,29","377,16M"
"08/04/2024","62,80","62,60","-0,33","62,35","62,92","199,10M"
"05/04/2024","63,55","62,81","-1,68","62,22","63,76","272,14M"
"04/04/2024","64,55","63,88","-1,11","63,48","64,93","640,53M"
"03/04/2024","64,84","64,60","-0,97","64,09","65,48","314,20M"
"02/04/2024","64,62","65,23","0,52","64,30","65,51","697,92M"
"01/04/2024","64,00","64,89","1,42","64,00","65,30","354,36M"
"28/03/2024","63,79","63,98","0,28","63,28","64,08","290,29M"
"27/03/2024","63,05","63,80","1,32","62,93","63,95","348,79M"
"26/03/2024","61,56","62,97","2,19","61,40","63,14","801,02M"
"25/03/2024","62,15","61,62","-0,85","61,41","62,30","261,59M"
"22/03/2024","62,30","62,15","0,18","61,51","62,52","288,67M"
"21/03/2024","62,55","62,04","-0,03","61,57","63,00","390,41M"
"20/03/2024","63,00","62,06","-1,26","61,81","63,00","445,17M"
"19/03/2024","61,25","62,85","2,95","61,25","63,30","482,91M"
"18/03/2024","60,93","61,05","0,41","60,38","61,53","219,70M"
"15/03/2024","59,48","60,62","1,88","59,42","61,00","749,00M"
"14/03/2024","59,36","59,50","0,12","58,87","59,70","553,31M"
"13/03/2024","59,06","59,43","0,54","58,99","59,77","406,26M"
"12/03/2024","58,57","59,11","0,92","58,09","59,64","502,28M"
"11/03/2024","58,72","58,57","-0,98","58,30","59,54","306,10M"
"08/03/2024","58,68","59,15","0,56","57,96","59,27","479,15M"
"07/03/2024","57,93","58,82","0,91","57,59","58,96","253,04M"
"06/03/2024","58,55","58,29","-0,48","57,92","58,94","269,05M"
"05/03/2024","58,45","58,57","0,21","57,91","58,98","223,70M"
"04/03/2024","57,39","58,45","1,67","57,39","58,55","304,91M"
"01/03/2024","56,45","57,49","2,02","56,40","57,63","429,36M"
"29/02/2024","57,38","56,35","-1,80","56,24","57,80","492,89M"
"28/02/2024","56,76","57,38","0,99","56,55","58,04","335,97M"
"27/02/2024","56,40","56,82","1,25","55,86","57,66","347,89M"
"26/02/2024","55,41","56,12","1,54","54,93","56,15","198,13M"
"23/02/2024","56,00","55,27","-0,84","54,84","56,33","173,19M"
"22/02/2024","55,32","55,74","0,85","55,12","56,48","269,49M"
"21/02/2024","53,56","55,27","2,60","53,02","55,36","249,69M"
"20/02/2024","52,80","53,87","1,56","52,52","54,14","160,99M"
"19/02/2024","52,90","53,04","-0,02","52,23","53,29","92,52M"
"16/02/2024","52,43","53,05","1,36","52,11","53,48","255,76M"
"15/02/2024","52,25","52,34","0,17","51,77","52,44","111,71M"
"14/02/2024","52,78","52,25","-0,85","52,08","52,94","100,00M"
"09/02/2024","53,50","52,70","-1,40","52,42","53,77","214,44M"
"08/02/2024","53,80","53,45","-0,47","53,03","54,18","304,41M"
"07/02/2024","53,78","53,70","-0,02","53,23","54,08","330,58M"
"06/02/2024","51,62","53,71","3,79","51,62","53,74","255,92M"
"05/02/2024","51,00","51,75","0,80","51,00","51,97","140,03M"
"02/02/2024","51,19","51,34","0,47","50,71","51,68","209,39M"
"01/02/2024","51,62","51,10","-1,01","51,01","52,12","163,85M"
"31/01/2024","52,30","51,62","-0,92","51,57","52,70","215,62M"
"30/01/2024","50,53","52,10","2,56","50,52","52,26","253,28M"
"29/01/2024","52,02","50,80","-3,99","50,31","52,24","631,70M"
"26/01/2024","51,92","52,91","2,04","51,89","53,17","162,56M"
"25/01/2024","51,85","51,85","-0,04","51,81","52,50","98,64M"
"24/01/2024","52,51","51,87","-0,44","51,71","52,79","112,26M"
"23/01/2024","51,97","52,10","0,83","51,47","52,24","146,92M"
"22/01/2024","51,92","51,67","-0,25","51,42","52,07","102,16M"
"19/01/2024","51,55","51,80","0,52","50,98","51,92","337,68M"
"18/01/2024","52,72","51,53","-2,22","51,53","52,99","178,09M"
"17/01/2024","52,71","52,70","-0,42","52,60","53,13","136,95M"
"16/01/2024","53,70","52,92","-1,75","52,87","53,85","185,84M"
"15/01/2024","53,61","53,86","0,52","53,42","54,05","60,15M"
"12/01/2024","54,48","53,58","-1,07","53,49","55,23","172,29M"
"11/01/2024","53,85","54,16","0,73","53,21","54,37","208,83M"
"10/01/2024","54,24","53,77","-0,57","53,73","54,29","109,22M"
"09/01/2024","54,47","54,08","-1,22","53,98","54,82","161,91M"
"08/01/2024","53,71","54,75","1,30","53,35","54,75","136,94M"
"05/01/2024","54,29","54,05","-1,03","53,76","54,55","120,52M"
"04/01/2024","55,45","54,61","-1,51","54,56","55,69","105,00M"
"03/01/2024","54,80","55,45","0,56","54,76","55,80","185,40M"
"02/01/2024","55,70","55,14","-0,88","54,72","56,29","163,43M"
"28/12/2023","55,42","55,63","0,14","55,42","55,94","142,65M"
"27/12/2023","55,21","55,55","0,60","54,96","55,64","143,10M"
"26/12/2023","54,82","55,22","0,51","54,81","56,02","115,67M"
"22/12/2023","54,49","54,94","0,90","54,35","55,44","179,55M"
"21/12/2023","54,11","54,45","1,02","53,90","54,78","144,73M"
"20/12/2023","52,70","53,90","1,76","52,70","54,59","254,31M"
"19/12/2023","52,61","52,97","0,80","52,56","53,43","199,23M"
"18/12/2023","52,66","52,55","-0,15","52,06","52,85","212,04M"
"15/12/2023","52,41","52,63","0,42","52,31","53,46","389,76M"
"14/12/2023","52,15","52,41","1,08","51,66","52,60","272,82M"
"13/12/2023","51,24","51,85","1,75","50,95","52,06","229,53M"
"12/12/2023","51,09","50,96","-0,86","50,50","51,37","110,20M"
"11/12/2023","50,79","51,40","1,24","50,79","51,78","173,53M"
"08/12/2023","50,04","50,77","1,70","49,73","51,03","223,36M"
"07/12/2023","50,02","49,92","-0,31","49,68","50,59","481,78M"
"06/12/2023","50,40","50,08","-0,74","50,03","50,83","843,37M"
"05/12/2023","50,89","50,45","-0,66","50,25","51,03","830,20M"
"04/12/2023","50,79","50,78","0,06","50,75","51,43","314,56M"
"01/12/2023","52,36","50,75","-3,76","50,37","52,82","938,66M"
"30/11/2023","53,20","52,73","-0,87","51,41","53,48","462,64M"
"29/11/2023","52,56","53,20","1,69","51,81","53,20","224,49M"
"28/11/2023","52,69","52,31","-0,74","51,86","53,00","152,93M"
"27/11/2023","52,63","52,70","0,52","52,36","53,05","149,60M"
"24/11/2023","52,71","52,43","-0,61","51,97","53,07","125,00M"
"23/11/2023","52,24","52,75","0,69","52,18","53,07","69,73M"
"22/11/2023","51,97","52,39","0,85","51,72","52,39","154,50M"
"21/11/2023","51,63","51,95","0,15","51,55","52,44","167,44M"
"20/11/2023","52,55","51,87","-0,08","51,44","52,67","227,01M"
"17/11/2023","52,44","51,91","-0,86","51,91","53,17","486,51M"
"16/11/2023","51,80","52,36","1,71","51,51","52,53","411,04M"
"14/11/2023","53,03","51,48","-2,96","51,48","53,37","576,57M"
"13/11/2023","53,44","53,05","-0,99","52,55","54,05","225,62M"
"10/11/2023","52,56","53,58","2,26","52,37","53,82","229,37M"
"09/11/2023","52,56","52,39","-0,11","51,85","52,74","229,91M"
"08/11/2023","51,17","52,45","2,75","51,08","52,84","289,01M"
"07/11/2023","50,49","51,05","0,33","50,47","51,83","379,08M"
"06/11/2023","50,43","50,88","1,43","50,42","51,26","204,19M"
"03/11/2023","50,30","50,17","-0,56","49,43","50,64","677,66M"
"01/11/2023","50,43","50,45","-0,23","50,30","50,88","219,47M"
"31/10/2023","50,69","50,57","-0,15","50,50","51,71","375,94M"
"30/10/2023","51,05","50,65","-0,52","50,39","51,36","243,39M"
"27/10/2023","51,87","50,91","-1,50","50,25","52,50","1,21B"
"26/10/2023","52,13","51,69","0,21","50,79","52,23","268,00M"
"25/10/2023","51,27","51,58","0,17","51,24","52,24","260,97M"
"24/10/2023","52,60","51,49","-3,47","50,87","52,61","618,61M"
"23/10/2023","53,48","53,34","-0,91","52,92","54,00","256,54M"
"20/10/2023","54,56","53,83","-1,93","53,39","54,80","403,31M"
"19/10/2023","55,03","54,89","-0,18","54,61","55,48","188,62M"
"18/10/2023","56,07","54,99","-2,42","54,55","56,28","328,74M"
"17/10/2023","56,19","56,35","0,17","55,18","57,36","621,55M"
"16/10/2023","57,42","56,25","-2,03","56,08","57,47","466,37M"
"13/10/2023","56,23","57,42","3,37","56,23","57,90","817,24M"
"11/10/2023","55,37","55,55","0,35","55,04","55,64","201,62M"
"10/10/2023","55,36","55,35","-0,44","55,21","55,78","307,79M"
"09/10/2023","54,94","55,60","0,89","54,62","55,66","296,51M"
"06/10/2023","53,94","55,11","1,70","53,83","55,27","348,18M"
"05/10/2023","53,97","54,19","0,47","53,48","54,39","178,52M"
"04/10/2023","54,10","53,93","-0,51","53,59","54,87","282,10M"
"03/10/2023","54,49","54,21","1,95","53,87","55,06","369,88M"
"02/10/2023","53,05","53,17","-0,11","52,83","53,53","114,68M"
"29/09/2023","53,93","53,22","0,84","52,93","54,03","285,50M"
"28/09/2023","53,02","52,78","-0,44","52,11","53,37","298,98M"
"27/09/2023","53,69","53,02","-0,53","52,68","53,72","310,03M"
"26/09/2023","54,19","53,30","-1,54","52,95","54,21","401,67M"
"25/09/2023","54,47","54,14","-0,31","53,93","54,95","274,44M"
"22/09/2023","55,18","54,30","-1,12","54,15","55,79","282,48M"
"21/09/2023","53,54","54,92","2,04","53,34","55,45","1,32B"
"20/09/2023","51,75","53,82","4,00","51,73","53,85","657,78M"
"19/09/2023","51,04","51,75","1,40","50,59","51,76","210,03M"
"18/09/2023","51,47","51,04","-0,91","50,79","51,77","170,80M"
"15/09/2023","50,39","51,51","2,54","50,09","51,65","603,36M"
"14/09/2023","49,24","50,23","1,95","49,12","50,46","316,23M"
"13/09/2023","49,08","49,27","-0,04","48,70","49,60","187,60M"
"12/09/2023","48,99","49,29","0,60","48,83","49,52","116,58M"
"11/09/2023","47,93","49,00","2,40","47,52","49,37","265,88M"
"08/09/2023","47,69","47,85","-2,13","46,56","48,11","319,07M"
"06/09/2023","49,83","48,89","-1,60","48,80","49,99","152,83M"
"05/09/2023","50,06","49,68","-0,59","49,46","50,39","143,06M"
"04/09/2023","49,94","49,98","-0,25","49,67","50,47","89,08M"
"01/09/2023","49,34","50,11","1,89","49,34","50,37","211,69M"
"31/08/2023","49,82","49,17","-1,34","49,17","50,20","232,54M"
"30/08/2023","50,16","49,84","-0,63","49,69","50,87","157,91M"
"29/08/2023","49,32","50,16","1,69","49,32","50,19","102,25M"
"28/08/2023","48,89","49,32","0,80","48,60","49,39","152,71M"
"25/08/2023","48,16","48,93","1,11","48,16","49,16","123,19M"
"24/08/2023","48,67","48,39","-0,26","47,86","48,67","130,00M"
"23/08/2023","48,86","48,52","-0,74","48,18","48,95","286,02M"
"22/08/2023","49,31","48,88","-0,46","48,54","49,40","231,94M"
"21/08/2023","49,63","49,11","-1,18","48,86","49,85","101,87M"
"18/08/2023","49,25","49,69","0,56","49,18","50,50","626,60M"
"17/08/2023","49,03","49,42","0,98","48,85","49,86","699,51M"
"16/08/2023","49,03","48,94","-0,26","48,48","49,86","436,36M"
"15/08/2023","50,40","49,07","-1,73","48,86","50,40","306,22M"
"14/08/2023","49,49","49,93","1,49","48,75","50,06","163,59M"
"11/08/2023","48,49","49,19","1,66","48,36","49,42","422,04M"
"10/08/2023","48,53","48,39","0,10","48,23","48,95","142,40M"
"09/08/2023","48,73","48,34","-0,90","47,51","48,83","203,21M"
"08/08/2023","49,51","48,78","-1,52","48,46","49,51","179,93M"
"07/08/2023","49,67","49,54","0,50","49,20","50,01","169,07M"
"04/08/2023","48,49","49,29","1,27","48,29","50,50","387,47M"
"03/08/2023","47,46","48,67","3,65","47,14","49,49","440,77M"
"02/08/2023","47,43","46,96","-1,01","46,74","47,43","168,49M"
"01/08/2023","47,17","47,44","0,65","47,00","47,93","157,40M"
"31/07/2023","46,47","47,14","1,82","46,42","47,66","217,32M"
"28/07/2023","46,34","46,29","0,02","45,52","46,39","146,43M"
"27/07/2023","45,63","46,28","1,57","45,40","46,49","169,62M"
"26/07/2023","43,95","45,57","2,74","43,95","45,74","276,93M"
"25/07/2023","44,28","44,35","0,47","43,94","44,95","167,81M"
"24/07/2023","43,07","44,14","2,18","42,75","44,18","284,93M"
"21/07/2023","42,75","43,20","0,94","42,45","43,25","133,59M"
"20/07/2023","42,70","42,80","0,41","42,65","43,11","99,71M"
"19/07/2023","43,80","42,62","-2,47","42,44","43,80","181,71M"
"18/07/2023","43,63","43,70","0,38","43,30","43,93","124,54M"
"17/07/2023","43,86","43,54","-0,34","43,36","44,21","159,08M"
"14/07/2023","43,56","43,68","0,41","43,29","43,79","122,57M"
"13/07/2023","43,46","43,51","0,43","43,33","44,09","160,94M"
"12/07/2023","43,53","43,32","0,30","43,06","43,63","109,37M"
"11/07/2023","43,14","43,19","0,05","42,83","43,40","306,24M"
"10/07/2023","43,51","43,17","-1,08","43,07","43,62","101,47M"
"07/07/2023","43,24","43,64","0,91","43,22","44,25","173,44M"
"06/07/2023","43,33","43,25","-0,76","42,99","43,78","157,43M"
"05/07/2023","43,73","43,59","-0,63","43,29","44,28","192,76M"
"04/07/2023","43,34","43,86","1,15","43,12","44,00","156,33M"
"03/07/2023","43,45","43,36","0,00","43,14","44,61","513,49M"
"30/06/2023","43,44","43,36","0,39","42,75","43,74","412,36M"
"29/06/2023","43,33","43,19","-0,27","42,71","43,56","422,43M"
"28/06/2023","44,00","43,31","-1,36","43,30","44,77","436,87M"
"27/06/2023","44,91","43,91","-1,82","43,72","45,04","431,54M"
"26/06/2023","45,13","44,72","-0,72","44,65","45,45","177,56M"
"23/06/2023","45,06","45,05","0,02","44,25","45,18","414,82M"
"22/06/2023","45,32","45,04","-1,18","44,63","45,54","478,19M"
"21/06/2023","46,53","45,58","-2,02","45,31","46,57","419,65M"
"20/06/2023","46,69","46,52","-0,55","45,95","46,74","346,19M"
"19/06/2023","47,21","46,77","-1,24","46,45","47,49","142,96M"
"16/06/2023","47,11","47,36","-0,08","46,75","47,57","898,07M"
"15/06/2023","45,74","47,40","3,62","45,11","47,85","1,19B"
"14/06/2023","46,58","45,74","-0,85","45,51","47,30","801,78M"
"13/06/2023","45,91","46,14","0,75","45,55","46,49","417,64M"
"12/06/2023","44,64","45,79","3,23","44,35","45,94","188,50M"
"09/06/2023","45,33","44,36","-1,29","44,21","45,33","732,53M"
"07/06/2023","46,38","44,94","-2,09","44,89","46,38","573,58M"
"06/06/2023","45,84","45,90","0,00","45,54","46,29","449,55M"
"05/06/2023","46,14","45,90","0,84","45,37","46,50","175,98M"
"02/06/2023","44,43","45,52","3,16","44,37","45,99","839,30M"
"01/06/2023","44,14","44,13","0,49","43,64","44,30","787,85M"
"31/05/2023","44,51","43,91","-0,75","43,91","44,85","322,16M"
"30/05/2023","45,04","44,24","-0,57","43,96","45,20","245,83M"
"29/05/2023","44,78","44,50","0,07","44,29","44,92","52,26M"
"26/05/2023","43,76","44,47","2,79","43,75","44,81","373,05M"
"25/05/2023","43,96","43,26","-1,05","43,23","44,22","457,62M"
"24/05/2023","44,62","43,72","-2,77","43,60","44,62","744,26M"
"23/05/2023","45,94","44,97","1,50","44,97","46,64","651,50M"
"22/05/2023","44,73","44,30","-0,53","44,19","44,99","126,26M"
"19/05/2023","44,71","44,54","0,15","44,21","45,09","690,06M"
"18/05/2023","43,34","44,47","3,70","43,28","44,59","637,57M"
"17/05/2023","43,29","42,88","0,05","42,79","43,64","533,39M"
"16/05/2023","42,09","42,86","1,86","41,99","43,00","534,22M"
"15/05/2023","41,94","42,08","1,11","41,77","42,97","149,21M"
"12/05/2023","40,58","41,61","2,09","40,31","41,98","814,64M"
"11/05/2023","40,95","40,76","-0,29","40,07","41,12","652,34M"
"10/05/2023","40,89","40,88","0,46","40,41","41,15","425,45M"
"09/05/2023","40,75","40,69","-0,88","40,55","41,15","536,30M"
"08/05/2023","40,94","41,06","0,63","40,84","41,62","341,37M"
"05/05/2023","39,22","40,80","5,13","38,99","41,16","757,54M"
"04/05/2023","39,34","38,81","-1,30","38,76","40,09","738,41M"
"03/05/2023","40,17","39,32","-1,43","39,27","40,82","982,33M"
"02/05/2023","39,57","39,89","2,21","39,35","40,15","557,68M"
"28/04/2023","36,82","39,03","4,74","36,43","39,10","1,05B"
"27/04/2023","37,61","37,26","-0,68","37,07","38,00","657,27M"
"26/04/2023","38,26","37,52","-1,39","37,51","38,48","632,88M"
"25/04/2023","38,98","38,05","-2,19","37,89","39,03","605,86M"
"24/04/2023","39,22","38,90","-1,56","38,25","39,42","323,83M"
"20/04/2023","40,20","39,52","-2,52","39,44","40,47","363,01M"
"19/04/2023","40,40","40,54","0,41","40,16","40,98","354,48M"
"18/04/2023","39,81","40,37","1,75","39,67","40,61","361,30M"
"17/04/2023","39,72","39,67","-0,07","39,28","39,93","184,98M"
"14/04/2023","40,20","39,70","-1,98","39,62","40,42","566,18M"
"13/04/2023","41,47","40,51","-2,11","40,35","41,63","524,76M"
"12/04/2023","41,73","41,38","-0,82","41,14","42,14","568,38M"
"11/04/2023","40,47","41,72","3,43","40,47","41,83","464,93M"
"10/04/2023","39,47","40,34","1,93","39,12","40,75","159,69M"
"06/04/2023","40,19","39,58","-1,51","39,48","40,55","676,64M"
"05/04/2023","41,60","40,18","-3,23","39,58","41,79","621,77M"
"04/04/2023","42,07","41,53","-0,91","41,53","42,51","468,88M"
"03/04/2023","40,99","41,91","2,74","40,60","42,02","267,79M"
"31/03/2023","42,43","40,79","-3,37","40,79","42,75","765,30M"
"30/03/2023","42,85","42,21","-0,05","42,02","43,14","393,68M"
"29/03/2023","41,67","42,23","1,87","41,67","42,55","262,21M"
"28/03/2023","41,28","41,46","0,69","41,12","41,97","282,97M"
"27/03/2023","41,80","41,17","-1,50","41,10","42,05","158,03M"
"24/03/2023","41,52","41,80","0,92","41,04","42,01","374,93M"
"23/03/2023","42,11","41,42","-1,49","41,10","42,92","303,61M"
"22/03/2023","42,00","42,05","-0,16","41,85","42,54","225,70M"
"21/03/2023","42,30","42,11","-0,65","41,98","42,66","162,62M"
"20/03/2023","42,88","42,39","-0,83","42,06","43,00","83,01M"
"17/03/2023","43,08","42,74","-0,91","42,48","43,14","241,81M"
"16/03/2023","43,44","43,13","-0,52","42,99","44,11","308,69M"
"15/03/2023","43,64","43,36","-1,67","43,07","43,86","295,92M"
"14/03/2023","43,84","44,10","0,87","43,71","44,42","286,75M"
"13/03/2023","44,03","43,71","-1,09","43,53","44,67","145,80M"
"10/03/2023","45,48","44,19","-3,01","44,13","45,74","236,86M"
"09/03/2023","46,40","45,57","-2,04","45,36","46,69","233,69M"
"08/03/2023","46,98","46,52","-0,65","46,09","47,15","226,73M"
"07/03/2023","46,99","46,82","-0,06","46,38","47,30","167,44M"
"06/03/2023","47,44","46,85","-0,87","46,50","47,73","209,42M"
"03/03/2023","45,88","47,26","3,21","45,79","47,44","470,15M"
"02/03/2023","45,90","45,79","-0,15","45,65","46,83","202,48M"
"01/03/2023","47,15","45,86","-2,03","44,87","47,49","339,14M"
"28/02/2023","45,24","46,81","3,02","45,24","47,02","254,76M"
"27/02/2023","45,25","45,44","0,41","45,13","45,89","86,23M"
"24/02/2023","45,25","45,25","0,00","44,75","45,59","141,30M"
"23/02/2023","45,05","45,25","0,24","44,83","45,77","82,35M"
"22/02/2023","45,75","45,14","-1,96","44,83","45,75","171,62M"
"17/02/2023","46,84","46,05","-1,68","45,69","47,29","178,51M"
"16/02/2023","47,24","46,83","-0,87","46,48","47,89","257,77M"
"15/02/2023","46,14","47,24","2,62","45,71","47,24","312,38M"
"14/02/2023","45,81","46,04","0,51","45,50","46,60","318,60M"
"13/02/2023","45,49","45,80","0,67","45,34","46,23","176,57M"
"10/02/2023","45,20","45,50","0,22","45,09","45,69","128,62M"
"09/02/2023","45,06","45,40","0,76","45,01","46,17","207,24M"
"08/02/2023","45,24","45,06","-0,24","44,83","45,32","161,88M"
"07/02/2023","45,20","45,16","0,22","44,63","45,82","198,93M"
"06/02/2023","45,72","45,07","-0,76","44,91","45,73","236,35M"
"03/02/2023","43,84","45,41","2,87","43,54","47,37","638,45M"
"02/02/2023","45,45","44,14","-3,70","43,84","45,84","377,58M"
"01/02/2023","45,30","45,84","0,84","45,13","46,22","188,14M"
"31/01/2023","45,71","45,46","0,17","45,09","46,41","290,19M"
"30/01/2023","44,34","45,38","2,66","43,71","45,64","269,46M"
"27/01/2023","44,32","44,20","-0,70","43,29","44,67","419,18M"
"26/01/2023","44,87","44,52","-2,93","43,95","45,36","395,29M"
"25/01/2023","46,26","45,86","-1,56","45,42","46,47","238,00M"
"24/01/2023","46,19","46,59","1,13","45,87","47,21","231,59M"
"23/01/2023","46,17","46,07","-0,34","45,79","46,90","325,05M"
"20/01/2023","48,24","46,22","-4,46","46,22","48,24","672,46M"
"19/01/2023","48,89","48,38","-1,04","48,17","49,66","242,87M"
"18/01/2023","50,63","48,89","-2,66","48,42","50,69","393,21M"
"17/01/2023","49,71","50,22","1,21","49,28","50,68","421,55M"
"16/01/2023","49,53","49,63","0,36","48,76","49,98","131,84M"
"13/01/2023","49,36","49,45","0,34","48,93","50,07","224,73M"
"12/01/2023","48,29","49,28","2,05","48,11","49,62","319,30M"
"11/01/2023","49,08","48,29","-1,46","47,54","49,08","290,24M"
"10/01/2023","49,53","49,01","-1,24","48,81","49,70","146,80M"
"09/01/2023","48,78","49,63","1,34","48,74","50,00","154,83M"
"06/01/2023","49,58","48,97","-0,64","48,64","49,71","333,32M"
"05/01/2023","48,99","49,28","0,62","48,74","49,68","223,31M"
"04/01/2023","49,03","48,98","0,20","48,73","49,74","213,43M"
"03/01/2023","47,65","48,88","1,78","47,48","48,88","301,05M"
"02/01/2023","47,30","48,03","1,53","46,68","48,20","142,30M"
"29/12/2022","47,43","47,30","0,23","46,70","47,63","316,03M"
"28/12/2022","46,97","47,19","1,33","46,91","47,85","189,95M"
"27/12/2022","45,51","46,58","2,86","45,40","46,73","213,48M"
"26/12/2022","45,91","45,28","-1,41","45,11","45,95","126,46M"
"23/12/2022","46,79","45,93","-2,70","45,60","47,00","328,65M"
"22/12/2022","47,56","47,20","-0,56","46,91","47,62","859,76M"
"21/12/2022","48,06","47,47","-0,27","46,95","48,16","655,21M"
"20/12/2022","47,57","47,60","-0,59","46,93","48,62","514,78M"
"19/12/2022","48,93","47,88","-1,63","47,39","49,36","279,69M"
"16/12/2022","49,12","48,67","-0,66","48,42","49,42","308,64M"
"15/12/2022","48,34","49,00","-1,39","48,27","49,81","267,69M"
"14/12/2022","48,81","49,69","2,22","48,74","50,57","578,55M"
"13/12/2022","52,01","48,61","-6,43","48,38","52,12","605,36M"
"12/12/2022","52,11","51,95","-0,18","51,25","52,49","237,22M"
"09/12/2022","50,67","52,04","3,56","49,95","52,15","225,94M"
"08/12/2022","50,57","50,26","0,09","49,75","51,40","308,25M"
"07/12/2022","50,81","50,21","-0,47","49,46","50,92","242,01M"
"06/12/2022","49,87","50,44","1,50","49,35","51,06","304,54M"
"05/12/2022","48,89","49,70","2,20","48,56","49,89","328,26M"
"02/12/2022","48,74","48,63","-3,37","47,43","49,58","511,19M"
"01/12/2022","49,98","50,32","0,04","49,55","50,72","216,14M"
"30/11/2022","50,58","50,30","-0,30","49,50","50,97","608,87M"
"29/11/2022","52,15","50,45","-2,97","50,25","52,72","464,78M"
"28/11/2022","52,15","52,00","0,00","51,20","52,38","191,01M"
"25/11/2022","52,91","52,00","-1,81","51,56","53,62","312,86M"
"24/11/2022","52,83","52,95","0,43","52,04","53,29","128,84M"
"23/11/2022","53,30","52,73","-0,66","52,25","53,68","294,27M"
"22/11/2022","52,96","53,08","0,29","52,61","53,93","369,55M"
"21/11/2022","54,73","52,92","-2,87","52,38","54,73","608,58M"
"18/11/2022","54,15","54,49","-0,64","53,22","54,94","568,37M"
"17/11/2022","55,33","54,84","-1,13","54,45","56,67","466,76M"
"16/11/2022","54,64","55,46","1,49","54,43","56,07","713,59M"
"14/11/2022","55,82","54,65","-0,88","53,91","55,82","311,24M"
"11/11/2022","53,47","55,13","3,32","53,25","56,04","575,56M"
"10/11/2022","51,87","53,36","2,29","51,87","53,75","614,82M"
"09/11/2022","52,32","52,17","-0,59","51,81","53,25","208,43M"
"08/11/2022","52,17","52,48","0,85","51,96","53,36","285,85M"
"07/11/2022","51,57","52,03","0,92","50,75","52,36","360,80M"
"04/11/2022","52,05","51,56","1,04","51,01","52,59","211,57M"
"03/11/2022","50,16","51,03","1,99","48,95","51,11","215,65M"
"01/11/2022","50,03","50,04","-0,62","49,89","50,77","787,28M"
"31/10/2022","52,19","50,35","-3,47","49,99","52,43","467,70M"
"28/10/2022","52,01","52,16","3,75","50,62","52,33","715,24M"
"27/10/2022","50,44","50,27","0,61","49,10","50,62","378,03M"
"26/10/2022","48,84","49,97","1,48","48,79","50,41","702,67M"
"25/10/2022","49,20","49,24","1,19","48,89","49,67","347,45M"
"24/10/2022","47,26","48,67","3,48","47,26","49,29","365,06M"
"21/10/2022","46,89","47,03","0,18","45,92","47,26","210,78M"
"20/10/2022","46,85","46,94","0,77","46,10","47,08","354,60M"
"19/10/2022","47,24","46,58","-0,89","46,34","47,39","154,87M"
"18/10/2022","47,11","47,00","0,47","46,45","47,78","227,39M"
"17/10/2022","45,30","46,78","3,43","45,27","47,08","214,51M"
"14/10/2022","45,34","45,23","0,00","45,04","46,47","193,79M"
"13/10/2022","45,11","45,23","0,34","44,18","45,59","185,69M"
"11/10/2022","45,79","45,08","-1,29","44,74","46,10","358,44M"
"10/10/2022","44,15","45,67","4,01","43,84","45,86","206,37M"
"07/10/2022","44,25","43,90","-0,79","43,86","44,74","105,24M"
"06/10/2022","44,55","44,25","-0,38","44,16","44,73","115,81M"
"05/10/2022","43,28","44,43","2,56","43,28","44,58","237,01M"
"04/10/2022","43,72","43,32","0,79","43,11","44,24","295,80M"
"03/10/2022","42,29","42,98","2,05","41,85","43,29","186,83M"
"30/09/2022","41,01","42,12","2,94","40,66","42,31","299,41M"
"29/09/2022","40,87","40,91","-0,62","40,61","41,32","196,47M"
"28/09/2022","41,21","41,17","0,39","40,81","41,74","153,61M"
"27/09/2022","40,90","41,01","2,05","40,49","42,37","309,75M"
"26/09/2022","40,17","40,19","-0,19","39,66","40,56","214,85M"
"23/09/2022","41,36","40,26","-3,69","39,89","41,56","232,28M"